Arabic Number,English Number,Arabic Article,Article Number (EN),Text
1,1,مادة (1) :,1.0,يقصد فى تطبيق أحكام هذا القانون بالكلمات والمصطلحات الآتية المعانى المبينة قرين كل منها :
٢,2,مادة (٢) :,2.0,فى تطبيق أحكام هذا القانون تعتبر السنة ( ٣٦٥) يومًا ، والشهر ثلاثون يومًا ما لم يتم الاتفاق على خلاف ذلك .
۳,3,مادة (۳):,3.0,يُعتبر هذا القانون هو القانون العام الذى يحكم علاقات العمل.
٤,4,مادة (٤) :,4.0,يُحظر تشغيل العامل سخرة أو جبرًا ، كما يُحظر التحرش أو التنمر أو ممارسة أى عنف لفظى أو جسدى أو نفسى على العامل، وتحدد لائحة تنظيم العمل والجزاءات بالمنشأة الجزاءات التأديبية المقررة لها .
5,5,مادة (5) :,5.0,يُحظر كل عمل أو سلوك أو إجراء يكون من شأنه إحداث تمييز أو تفرقة بين الأشخاص فى التدريب، أو الإعلان عن الوظائف أو شغلها ، أو شروط أو ظروف العمل أو الحقوق والواجبات الناشئة عن عقد العمل ، بسبب الدين أو العقيدة أو الجنس أو الأصل أو العرق أو اللون أو اللغة أو الإعاقة أو المستوى الاجتماعى أو الانتماء السياسى أو النقابى أو الجغرافى أو أى سبب آخر يترتب عليه الإخلال بمبدأ المساواة وتكافؤ الفرص .
٦,6,مادة (٦) :,6.0,يقع باطلاً كل شرط أو اتفاق يخالف أحكام هذا القانون، ولو كان سابقًا على العمل به، إذا تضمن انتقاصًا من حقوق العامل المقررة فيه، أو إبراء من حقوق العامل الناشئة عن عقد العمل خلال مدة سريانه، أو خلال ثلاثة أشهر من تاريخ انتهائه.
٧,7,مادة (٧) :,7.0,تعفى من الرسوم والمصاريف القضائية فى جميع مراحل التقاضى الدعاوى الناشئة عن المنازعات المتعلقة بأحكام هذا القانون ، التى يرفعها العاملون والمتدرجون ، وعمال التلمذة الصناعية ، أو المستحقون عن هؤلاء ، وللمحكمة فى جميع الأحوال أن تشمل حكمها بالنفاذ المعجل وبلا كفالة ، ولها فى حالة رفض الدعوى أن تحكم على رافعها بالمصروفات كلها أو بعضها .
۸,8,مادة (۸) :,8.0,يكون للمبالغ المستحقة للعامل ، أو المستحقين عنه ، والناشئة عن علاقة عمل امتياز على جميع أموال المدين من منقول وعقار ، وتستوفى هذه المبالغ قبل المصروفات القضائية ، والمبالغ المستحقة للخزانة العامة ، ومصروفات الحفظ والترميم وأية مرتبة امتياز مقررة أو تقرر وفقًا لأى قانون آخر .
٩,9,مادة (٩) :,9.0,لا يمنع من الوفاء بجميع الالتزامات الناشئة طبقًا لهذا القانون ، حل المنشأة ،أو تصفيتها ، أو إغلاقها ، أو إفلاسها .
۱۰,10,مادة (۱۰) :,10.0,إذا تعدد أصحاب العمل كانوا مسئولين بالتضامن فيما بينهم عن الوفاءبجميع الالتزامات الناشئة عن هذا القانون ، أو لوائح المنشأة المعتمدة ، أو اتفاقيات العمل الجماعية .
۱۱,11,مادة (۱۱) :,11.0,لا يترتب على إدماج المنشأة ، أو تقسيمها ، أو انتقالها بالإرث أو الوصيةأو الهبة أو البيع ولو كان بالمزاد العلني ، أو النزول ، أو الإيجار ، أو غير ذلك من التصرفات إنهاء عقود استخدام عمال المنشأة ، ويكون الخلف مسئولاً بالتضامن مع أصحاب الأعمال السابقين عن تنفيذ جميع الالتزامات الناشئة عن هذه العقود .
۱۲,12,مادة (۱۲) :,12.0,يستحق العاملون الذين تسرى فى شأنهم أحكام هذا القانون علاوة سنوية دورية فى تاريخ استحقاقها لا تقل عن (3٪) من الأجر التأميني ، وتستحق تلك العلاوة بانقضاء سنة من تاريخ التعيين ، أو من تاريخ استحقاق العلاوة الدورية السابقة .وفى حالة تعرض المنشأة لظروف اقتصادية يتعذر معها صرف العلاوة الدورية المشار إليها ، يعرض الأمر على المجلس القومى للأجور للبت فى تخفيضهاأو الإعفاء منها وذلك خلال ثلاثين يومًا من تاريخ عرض الأمر عليه .
۱۳,13,مادة (۱۳) :,13.0,يُصدر الوزير المختص قرارًا بتحديد اختصاص الجهة الإدارية المختصة فى تطبيق أحكام هذا القانون .
١٤,14,مادة (١٤) :,14.0,تئول ثلث المبالغ المحكوم بها عن مخالفة أحكام هذا القانون لصالح الوزارة المختصة للصرف منها على أغراض الخدمات الاجتماعية والصحية والثقافية ، وتطوير أساليب التدريب المهنى للفئات الأولى بالرعاية من بين العمال الخاضعين لأحكام هذا القانون وعلى الأخص العمالة غير المنتظمة ، ويتم توزيعها وتحديد أوجه الصرف بقرار من الوزير المختص ، على أن تئول باقى الحصيلة للخزانة العامة للدولة .
١٥,15,مادة (١٥) :,15.0,يكون تحصيل الرسوم ومقابل الخدمات المنصوص عليها فى هذا القانون ، وفقًا لأحكام قانون تنظيم استخدام وسائل الدفع غير النقدى الصادر بالقانون رقم ١٨ لسنة ۲۰۱۹
١٦,16,مادة (١٦) :,16.0,تسرى أحكام هذا الباب على جميع مراكز التدريب الخاضعة لأحكام هذا القانون ، وعلى الفئات الآتية :
۱۷,17,مادة (۱۷) :,17.0,تتولى الجهة الإدارية المختصة القيام بالتوجيه المهنى لراغبى التدريب لمساعدتهم فى اختيار المهن التى يرغبون التدرب عليها وفقًا لقدراتهم .
۱۸,18,مادة (۱۸) :,18.0,"يُنشأ مجلس يسمى ""المجلس الأعلى لتنمية مهارات الموارد البشرية "" ، ويكون مقره الرئيسى مدينة القاهرة ، برئاسة الوزير المختص ، ويضم فى عضويته ما يلى :"
۱۹,19,مادة (۱۹) :,19.0,يجوز للمجلس أن يُشكل فى نطاق أى محافظة أو منطقة جغرافية مجلسًا تنفيذيًا لتنمية مهارات الموارد البشرية ، ويحدد بقرار من المجلس رئيس وأعضاء المجلس التنفيذى ، على أن يضم فى عضويته ممثلين عن منظمات أصحاب العمل والمنظمات النقابية العمالية المعنية بالتساوى فيما بينهما ، كما يضم فى عضويته ممثلى الوزارات والجهات المعنية ، ويتولى متابعة تنفيذ الخطط والقرارات ، والتوصيات الصادرةعن المجلس الأعلى لتنمية مهارات الموارد البشرية والتنسيق مع الجهات المحلية المختصة بتنمية مهارات الموارد البشرية وتحسين كفاءتها من خلال التدريب المهنى والتدريب المستمر .
۲۰,20,مادة (۲۰) :,20.0,يمارس صندوق تمويل التدريب والتأهيل نشاطه على المستوى القومى وفقًا لاحتياجات سوق العمل وبما يتماشى مع احتياجات منظمات أصحاب الأعمال القطاعية المنشأة بقانون ، ويختص بتقديم الخدمات الآتية :
۲۱,21,مادة (۲۱) :,21.0,تتكون موارد الصندوق المشار إليه فى المادة ۲۰ من هذا القانون من :
۲۲,22,مادة (۲۲) :,22.0,لا يجوز لأية جهة مزاولة عمليات التدريب ، إلا إذا كانت متخذة شكل شركةمن شركات المساهمة ، أو التوصية بالأسهم ، أو ذات المسئولية المحدودةأو الشخص الواحد .
۲۳,23,مادة (۲۳) :,23.0,يشترط لمزاولة عمليات التدريب الحصول على ترخيص بذلك من الوزارة المختصة باستثناء الجهات المنصوص عليها فى البندين (٢ ، ٣) من المادة (22)من هذا القانون .
٢٤,24,مادة (٢٤) :,24.0,تلتزم الجهات المشار إليها فى المادة (22) من هذا القانون فيما عدا البندين (٢ ، ٣) بإخطار الوزارة المختصة بالبرامج التدريبية التى تقدمها لاعتمادها ، على أن تتضمن ما يأتي :
٢٥,25,مادة (٢٥) :,25.0,يشترط فى المدربين الذين يزاولون أعمال التدريب أن يرخص لهم بذلكمن الوزارة المختصة بناء على طلبهم أو طلب إحدى الجهات المشار إليهافى المادة ٢٢ من هذا القانون .
٢٦,26,مادة (٢٦) :,26.0,تلتزم الجهة التى تزاول عمليات التدريب أن تمنح المتدرب لديها شهادة تفيد اجتيازه البرنامج التدريبى الذى عقدته له ، والمستوى الذى بلغه ، ويحدد بقرارمن الوزير المختص البيانات الأخرى التى تدون فى هذه الشهادة وقواعد اعتمادهامن الجهة الإدارية المختصة ، والرسم المقابل لذلك بما لا يجاوز خمسمائة جنيه .
۲۷,27,مادة (۲۷) :,27.0,يلتزم كل من يرغب فى مزاولة مهنة أو حرفة من التى يصدر بتحديدها قرارمن الوزير المختص ، أن يتقدم بطلب إلى الجهة الإدارية المختصة للحصول على ترخيص بمزاولتها .
۲۸,28,مادة (۲۸) :,28.0,يشترط فى المتدرج ألا يقل سنه عن أربعة عشر عامًا ، ويصدر الوزير المختص قرارًا بالقواعد والإجراءات المنظمة للتدرج المهنى لدى صاحب العمل .
۲۹,29,مادة (۲۹) :,29.0,يجب أن يكون اتفاق التدرج مكتوبًا ، وتحدد فيه على الأخص مدة تعلم المهنةأو الصنعة أو الحرفة ، ومراحلها المتتابعة والمكافأة التى يحصل عليها المتدرجفى كل مرحلة بصورة تصاعدية ، على ألا تقل فى المرحلة الأخيرة عن الحد الأدنى للأجر المحدد لفئة العمال فى المهنة ، أو الصنعة أو الحرفة التى يتدرج فيها .
۳۰,30,مادة (۳۰) :,30.0,لصاحب العمل أن ينهى اتفاق التدرج إذا ثبت لديه عدم صلاحية المتدرج ،أو عدم استعداده لتعلم المهنة ، أو الصنعة ، أو الحرفة ، بصورة حسنة ، كما يجوز للمتدرج أن ينهى الاتفاق .
۳۱,31,مادة (۳۱) :,31.0,مع عدم الإخلال بأحكام الفصل الرابع من الباب الثانى من هذا الكتاب ،تسرى على المتدرجين الأحكام الخاصة بالإجازات ، وساعات العمل ، وفترات الراحة المنصوص عليها فى هذا القانون .
۳۲,32,مادة (۳۲) :,32.0,"ينشأ مجلس يسمى ""المجلس الأعلى لتخطيط وتشغيل القوى العاملة فى الداخل والخارج"" برئاسة الوزير المختص ، ويضم ممثلين للوزارات والجهات المختصة ، وعددًا متساويًا من ممثلى كل من منظمات أصحاب الأعمال المعنية الأكثر تمثيلاً ، ترشحهم منظماتهم وممثلى المنظمات النقابية العمالية المعنية ، على أن يراعى تمثيل جميع مستويات المنظمات النقابية العمالية ما لم يكن ذلك متعذرًا ."
۳۳,33,مادة (۳۳) :,33.0,مع عدم الإخلال بأحكام قانون حقوق الأشخاص ذوى الإعاقة الصادر بالقانون رقم ١٠ لسنة ۲۰۱٨ ، على كل قادر على العمل ، وراغب فيه أن يتقدم بطلب لقيد اسمه بالجهة الإدارية المختصة مع بيان سنه ومهنته ومؤهلاته وخبراته السابقة ، وعلى هذه الجهة قيد تلك الطلبات بسجلات ورقية أو إلكترونية وإعطاء الطالب شهادة تفيد القيد دون مقابل ، وتحدد البيانات التى يجب أن تتضمنها الشهادة المشار إليها بقرار من الوزير المختص .
٣٤,34,مادة (٣٤) :,34.0,إذا كان الراغب فى العمل يمارس حرفة أو مهنة من التى يصدر بتحديدها قرار من الوزير المختص وفقًا لنص المادة (۲۷) من هذا القانون ، وجب عليه أن يرفق بطلب القيد شهادة قياس مستوى مهارته وترخيص مزاولتها .
٣٥,35,مادة (٣٥) :,35.0,مع عدم الإخلال بأحكام قانون حقوق الأشخاص ذوى الإعاقة المشار إليه تلتزم المنشآت القائمة وقت تطبيق هذا القانون ، وتلك التى تنشأ مستقبلاً أن تعيد إلى الجهة الإدارية المختصة شهادة قيد العامل الصادرة عنها خلال خمسة وأربعين يومًا من تاريخ استلام العمل بعد استيفاء البيانات المدونة بها ، وعليها تدوين رقم شهادة القيد ، وتاريخها أمام اسم العامل فى سجل قيد العمال بالمنشأة .
٣٦,36,مادة (٣٦) :,36.0,تلتزم المنشآت الخاضعة لأحكام هذا القانون بأن ترسل إلى الجهة الإدارية المختصة خلال ثلاثين يومًا من تاريخ بدء العمل بالمنشأة ، بيانًا مفصلاً بعدد العمال طبقًا لمؤهلاتهم ، ومهنهم ، وفئات أعمارهم ، وجنسياتهم ، ونوعهم ، والأجورالتى يتقاضونها .
۳۷,37,مادة (۳۷) :,37.0,تلتزم المنشآت المشار إليها فى المادة (٣٥) من هذا القانون بإمساك سجل ورقىأو إلكترونى لقيد أسماء الأشخاص ذوى الإعاقة والأقزام الحاصلين على شهادات التأهيل أو بطاقة إثبات الإعاقة والخدمات المتكاملة ، بحسب الأحوال ، الذين ألحقوا بالعمل لديها ، يشتمل على البيانات الواردة فى شهادات التأهيل أو بطاقة إثبات الإعاقة والخدمات المتكاملة بحسب الأحوال ، ويجب تقديم هذا السجل إلى الجهة الإدارية المختصة كلما طلب منها ذلك .
۳۸,38,مادة (۳۸) :,38.0,تلتزم جميع المنشآت الخاضعة لأحكام هذا القانون بموافاة الوزارة المختصة ورقيًا أو إلكترونيًا بالبيانات أو المعلومات اللازمة لإنشاء أو تحديث قواعد بيانات العمالة ، ونظام معلومات سوق العمل خلال ثلاثين يومًا من تاريخ طلبها .
۳۹,39,مادة (۳۹) :,39.0,يستثنى من تطبيق أحكام هذا الفصل ما يأتي :
٤٠,40,مادة (٤٠) :,40.0,مع عدم الإخلال بالاتفاقيات الدولية المتعلقة بالتشغيل ، تكون مزاولة عمليات إلحاق المصريين للعمل بالداخل أو الخارج عن طريق الوزارة المختصة ، أو الجهات الآتية :
٤١,41,مادة (٤١) :,41.0,مع عدم الإخلال بالشروط التى يوجبها قانون شركات المساهمة وشركات التوصية بالأسهم والشركات ذات المسئولية المحدودة وشركات الشخصالواحد الصادر بالقانون رقم ١٥٩ لسنة ۱۹۸۱ يلزم للحصول على الترخيص المشار إليه فى البند (3) من المادة (40) من هذا القانون ، توافر الشروط المقررة لذلك ،وعلى الأخص :
٤٢,42,مادة (٤٢) :,42.0,يُصدر الوزير المختص قرارًا يتضمن التزامات الشركات المرخص لها بالتشغيل والشروط الواجب توافرها فى مقر الشركة وإدارتها ، وتنظيم إجراءات العمل فى هذا النشاط والسجلات اللازمة لمباشرة عملها والتى يتعين إمساكها ، وقواعد القيد فيها ، والرقابة والتفتيش عليها ، والشروط الواجب توافرها فى الإعلانات التى تنشرعن فرص العمل .
٤٣,43,مادة (٤٣) :,43.0,يُحظر على الجهات المشار إليها فى المادة (40) من هذا القانون تقاضى أى مبالغ مالية من العامل بطريقة مباشرة أو غير مباشرة نظير إلحاقه بالعمل ، ولها أن تتقاضى مقابل ذلك من صاحب العمل .
٤٤,44,مادة (٤٤) :,44.0,يُلغى الترخيص المشار إليه بالبند (3) من المادة (40) من هذا القانون بقرارمن الوزير المختص فى الحالات الآتية :
٤٥,45,مادة (٤٥) :,45.0,مع مراعاة حكم المادة (40) من هذا القانون ، لا يجوز للمنشآت تشغيل عمال عن طريق متعهد أو مقاول توريد عمال .
٤٦,46,مادة (٤٦) :,46.0,مع عدم الإخلال بأحكام قانون تنظيم ممارسة العمل الأهلى الصادر بالقانونرقم ١٤٩ لسنة ۲۰۱۹ يجوز للوزير المختص ، وفقًا لاحتياجات سوق العمل الترخيص للجمعيات والمؤسسات الأهلية بإنشاء مكاتب لتشغيل المتعطلين بالداخل .
٤٧,47,مادة (٤٧) :,47.0,لصاحب العمل الإعلان عن الوظائف الشاغرة بمختلف وسائل الإعلام ،أو أن يعهد إلى وكالات التشغيل الخاصة لشغل تلك الوظائف .
٤٨,48,مادة (٤٨) :,48.0,تلتزم الجهات المشار إليها فى المادة (40) من هذا القانون عدا البند (۱) منها ، بأن تقدم إلى الوزارة المختصة خلال خمسة أيام عمل فعلية صورة طبق الأصل من الطلب الوارد إليها بشأن توفير فرص العمل بالخارج وشروطها ، موثقة من السلطات المختصة ، كما تقدم نسخة من الاتفاقيات وعقود العمل المبرمة ، متضمنة تحديد العمل والأجر المحدد له وشروط وظروف أدائه والتزامات العامل .
٤٩,49,مادة (٤٩) :,49.0,تتولى الوزارة المختصة بالتعاون مع الوزارات والجهات المعنية متابعة تنفيذ الاتفاقيات الدولية والتعاقدات المتعلقة بالعمالة المصرية فى الخارج ، وبحث تسوية المنازعات الناشئة عن تنفيذ هذه الاتفاقيات والتعاقدات .
٥٠,50,مادة (٥٠) :,50.0,للمنظمات الدولية أن تزاول عمليات إلحاق العمالة المصرية ممن يتمتعون بخبرات وكفاءات خاصة للعمل خارج البلاد ، إذا كان التعاقد مع جهات حكومية ،أو هيئات عامة عربية أو أجنبية بعد أخذ موافقة الجهات المعنية .
٥١,51,مادة (٥١) :,51.0,تلتزم جميع الجهات التى تزاول عمليات التشغيل بالداخل والخارج أن توافى الوزارة المختصة ببيانات ونتائج أعمالها على الأقل كل ستة أشهر ، ويصدر بتحديد قواعد وإجراءات ذلك قرار من الوزير المختص .
٥٢,52,مادة (٥٢) :,52.0,لا يجوز ممارسة عمليات إلحاق المصريين بالداخل والخارج إلكترونيًا من خلال مواقع أو صفحات أو منصات إلكترونية إلا بعد الحصول على ترخيص بذلكمن الوزارة المختصة ، ويستثنى من ذلك وكالات التشغيل المشار إليها فى البند (3)من المادة (40) .
٥٣,53,مادة (٥٣) :,53.0,مع عدم الإخلال بأحكام المواد التالية ، تسرى على النساء العاملات جميع الأحكام المنظمة لتشغيل العمال ، دون تمييز .
٥٤,54,مادة (٥٤) :,54.0,للعاملة الحق فى إجازة وضع لمدة أربعة أشهر تشمل المدة التى تسبق الوضع والتى تليه ، على ألا تقل مدة هذه الإجازة بعد الوضع عن خمسة وأربعين يومًا ، بشرط أن تقدم شهادة طبية مبينًا بها التاريخ الذى يرجح حصول الوضع فيه ،وتكون هذه الإجازة مدفوعة الأجر ، وفى جميع الأحوال لا تستحق العاملة هذه الإجازة لأكثر من ثلاث مرات طوال مدة خدمتها .
٥٥,55,مادة (٥٥) :,55.0,للعاملة بعد انتهاء إجازة الوضع المبينة بالمادة (54) من هذا القانون الحقفى العودة إلى وظيفتها أو وظيفة مماثلة لها دون الإخلال بأية مزايا كانت مقررة لوظيفتها الأصلية .
٥٦,56,مادة (٥٦) :,56.0,يكون للعاملة التى ترضع طفلها خلال السنتين التاليتين لتاريخ الوضع ،فضلاً عن فترة الراحة المقررة ، الحق فى فترتين أخريين للرضاعة لا تقل كل منهما عن نصف ساعة ، وللعاملة الحق فى ضم هاتين الفترتين .
٥٧,57,مادة (٥٧) :,57.0,مع مراعاة حكم الفقرة الثانية من المادة (72) من قانون الطفل الصادر بالقانونرقم ١٢ لسنة ١٩٩٦ ، يكون للعاملة فى المنشأة التى تستخدم خمسين عاملاً فأكثر الحق فى الحصول على إجازة دون أجر لمدة لا تجاوز سنتين ، وذلك لرعاية طفلها ، ولا تستحق هذه الإجازة لأكثر من ثلاث مرات طوال مدة خدمتها شريطة أن يكون قد مر على وجودها فى المنشأة سنة على الأقل ، وعلى ألا تقل المدة بين الإجازة الأولى والثانية عن سنتين .
٥٨,58,مادة (٥٨) :,58.0,للعاملة أن تنهى عقد العمل بسبب زواجها ، أو حملها ، أو إنجابها ، على أن تخطر صاحب العمل كتابة برغبتها فى ذلك خلال ثلاثة أشهر من تاريخ إبرام عقد الزواج ، أو ثبوت الحمل ، أو من تاريخ الوضع بحسب الأحوال ، مع مراعاةألا يؤثر ذلك على الحقوق المقررة لها وفقًا لأحكام هذا القانون أو لأحكام قانون التأمينات الاجتماعية والمعاشات المشار إليه .
٥٩,59,مادة (٥٩) :,59.0,يجب على صاحب العمل فى حالة تشغيله عاملة أو أكثر أن يعلق فى أماكن العمل أو تجمع العمال نسخة من نظام تشغيل النساء .
٦٠,60,مادة (٦٠) :,60.0,مع عدم الإخلال بأحكام قانون الطفل المشار إليه على صاحب العمل الذى يستخدم مائة عاملة فأكثر فى مكان واحد أن ينشئ دارًا للحضانة ، أو يعهد إلى دار للحضانة برعاية أطفال العاملات .
٦١,61,مادة (٦١) :,61.0,تسرى على هذا الفصل أحكام قانون الطفل المشار إليه فيما لم يرد بشأنهنص خاص .
٦٢,62,مادة (٦٢) :,62.0,يُحظر تشغيل الأطفال قبل بلوغهم خمس عشرة سنة ، ومع ذلك يجوز تدريبهم متى بلغت سنهم أربع عشرة سنة بما لا يعوقهم عن مواصلة التعليم .
٦٣,63,مادة (٦٣) :,63.0,يكون تشغيل أو تدريب الأطفال ، وتحديد الظروف والأحوال والقواعد والإجراءات التى يتم فيها ذلك ، وفقًا للقرار الصادر من الوزير المختص بالتنسيق مع المجلس القومى للطفولة والأمومة .
٦٤,64,مادة (٦٤) :,64.0,يُحظر تشغيل أو تدريب الأطفال فى الأعمال ، والمهن ، والصناعات التى من شأنها أن تعرض صحتهم البدنية أو النفسية أو سلامتهم أو أخلاقهم للخطر ، أو تعوقهم عن مواصلة التعليم كما يحظر تشغيلهم أو تدريبهم فى أى عمل غير مشروع ، أو أية أعمال تعتبر من صور أسوأ أشكال عمل الأطفال وفقًا للاتفاقيات والمواثيق والمعاهدات الدولية التى صدقت عليها جمهورية مصر العربية .
٦٥,65,مادة (٦٥) :,65.0,يُحظر تشغيل الطفل أكثر من ست ساعات يوميًا ، ويجب أن تتخلل ساعات العمل فترة أو أكثر لتناول الطعام والراحة لا تقل فى مجموعها عن ساعة واحدة ،وتحدد هذه الفترة أو الفترات بحيث لا يعمل الطفل أكثر من أربع ساعات متصلة ، ويحظر تشغيل الطفل ساعات عمل إضافية أو تشغيله فى أيام الراحة الأسبوعية والعطلات الرسمية .
٦٦,66,مادة (٦٦) :,66.0,على صاحب العمل الذى يقوم بتشغيل طفل أو أكثر مراعاة الآتى :
٦٧,67,مادة (٦٧) :,67.0,مع عدم الإخلال بأحكام قانون الطفل المشار إليه ، تقوم جهات التأهيل بإخطار الجهة الإدارية المختصة التى يقع فى دائرتها محل إقامة الطفل ذى الإعاقة بما يفيد تأهيله ، وتقيد لديها أسماء الأطفال الذين تم تأهيلهم فى سجل خاص ورقىأو إلكتروني ، وتسلم إلى الطفل ذى الإعاقة أو من ينوب عنه شهادة القيد دون مقابل .
٦٨,68,مادة (٦٨) :,68.0,يُحظر على الأبوين أو متولى أمر الطفل ، بحسب الأحوال ، تشغيل الطفل بالمخالفة لأحكام هذا القانون ، والقرارات التنفيذية الصادرة له .
٦٩,69,مادة (٦٩) :,69.0,يقصد بالعمل فى تطبيق أحكام هذا الفصل كل عمل تابع أو حر أو لحساب النفس أو العمل فى أى مهنة أو صنعة أو حرفة بما فى ذلك العمل فى الخدمة المنزلية .
۷۰,70,مادة (۷۰) :,70.0,يخضع عمل الأجانب فى جميع منشآت القطاع الخاص ، ووحدات القطاع العام ، وقطاع الأعمال العام ، والهيئات العامة والإدارة المحلية ، والجهاز الإدارى للدولة للأحكام الواردة فى هذا الفصل ، وذلك مع مراعاة شرط المعاملة بالمثل .
۷۱,71,مادة (۷۱) :,71.0,لا يجوز للأجنبى العمل داخل البلاد إلا بعد الحصول على ترخيص بذلكمن الوزارة المختصة وأن يكون مصرحًا له بدخول البلاد والإقامة بها بقصد العمل ، ولا يجوز لأصحاب الأعمال تشغيل الأجانب إلا بعد الحصول على هذا الترخيص .
۷۲,72,مادة (۷۲) :,72.0,يلتزم صاحب العمل بإبلاغ الجهة الإدارية والسلطات المختصة عن غياب العامل الأجنبى عن العمل لمدة خمسة عشر يومًا متصلة دون مسوغ قانونى يجيز ذلك ، ويصدر الوزير المختص قرارًا بالضوابط والشروط والإجراءات المنظمة لذلك .
۷۳,73,مادة (۷۳) :,73.0,مع عدم الإخلال بأحكام قانون الاستثمار الصادر بالقانون رقم ٧٢ لسنة ٢٠١٧ ، يجوز للوزير المختص بالاتفاق مع الوزير المعنى بشئون الاستثمار ، وضع القواعد والضوابط اللازمة للترخيص بالعمل للأجانب المخاطبين بأحكام قانون الاستثمار المشار إليه .
٧٤,74,مادة (٧٤) :,74.0,يلتزم صاحب العمل الذى يعمل لديه الأجنبى بإعادته إلى الدولة التى تم استقدامه منها على نفقة صاحب العمل الخاصة حال انتهاء علاقة العمل ، ما لم ينص عقد العمل على خلاف ذلك .
٧٥,75,مادة (٧٥) :,75.0,تهدف أحكام هذا الباب إلى تنظيم ودعم وتشغيل العمالة غير المنتظمة والعاملين فى القطاع غير الرسمى على المستوى القومى ، ومساعدتهم فى الحصول على فرص العمل اللائقة لهم ، وتنمية مهاراتهم بما يتناسب مع احتياجات سوق العمل فى الداخل والخارج ، وحمايتهم أثناء العمل ، وتقديم الدعم اللازم أثناء فترات التعطل .
٧٦,76,مادة (٧٦) :,76.0,تتولى الوزارة المختصة رسم سياسة ومتابعة تشغيل العمالة غير المنتظمة وعلى الأخص عمال الزراعة الموسميون ، وعمال المقاولات وعمال البحر ، وعمال المناجم والمحاجر ، بما يتفق مع السياسة العامة للدولة .
۷۷,77,مادة (۷۷) :,77.0,تلتزم الجهة الإدارية المختصة بحصر وقيد العمالة غير المنتظمة ، وفقًا لتصنيفها وفئاتها ، فى السجلات الورقية أو الإلكترونية المعدة لذلك .
۷۸,78,مادة (۷۸) :,78.0,"ينشأ صندوق لحماية وتشغيل العمالة غير المنتظمة يسمى ""صندوق إعانات الطوارئ والخدمات الاجتماعية والصحية للعمالة غير المنتظمة"" ، تكون له الشخصية الاعتبارية العامة ، ويتبع الوزير المختص ، ويكون مقره الرئيسى محافظة القاهرة ، وله أن ينشئ فروعًا فى المحافظات ."
۷۹,79,مادة (۷۹) :,79.0,يختص الصندوق بما يأتي :
۸۰,80,مادة (۸۰) :,80.0,يُصدر الوزير المختص بالتشاور مع الوزراء المعنيين اللوائح المالية والإدارية للصندوق ، ونظام تحصيل موارده ، ولائحة الخدمات التى يقدمها ، وقيمة الإعانات المالية الطارئة وضوابط استحقاقها ، ومدتها ، وحالات وقفها ، والمستندات اللازمة لإثباتها ، وطريقة وآليات صرفها .
۸۱,81,مادة (۸۱) :,81.0,يجوز بقرار من رئيس الجمهورية فى حالات الطوارئ العامة صرف إعانات طوارئ عاجلة لفئات العمالة غير المنتظمة أو بعضها ، أو لأسرهم ، وذلك فى الحالات والأحوال التى يحددها القرار .
۸۲,82,مادة (۸۲) :,82.0,تتكون موارد الصندوق مما يأتي :
۸۳,83,مادة (۸۳) :,83.0,يكون للصندوق حساب خاص لدى أحد البنوك التجارية المسجلة لدى البنك المركزى المصرى وموازنة مستقلة ، تعد على نمط موازنات الهيئات العامة الاقتصادية ، ويعد الصندوق سنويًا القوائم الدالة على المركز المالى وفقًا لنظام المحاسبة المالية ، وتبدأ السنة المالية للصندوق مع السنة المالية للدولة ، وتنتهى بانتهائها ، وتخضع أمواله لرقابة الجهاز المركزى للمحاسبات ، ويُرحل فائض أمواله من سنة مالية إلى أخرى .
٨٤,84,مادة (٨٤) :,84.0,تعد أموال الصندوق أموالاً عامة ، وبصفة خاصة فيما يتعلق بتطبيق أحكام قانون العقوبات . وللصندوق الحق فى اتخاذ إجراءات التنفيذ المباشر والحجز الإدارى وفقًا لأحكام القانون رقم ۳۰۸ لسنة ١٩٥٥ فى شأن الحجز الإدارى .
٨٥,85,مادة (٨٥) :,85.0,يلتزم العاملون بالوزارة المختصة ومديرياتها كل فى حدود اختصاصه ،بتنفيذ أحكام هذا الباب وما يصدر عن مجلس إدارة الصندوق من لوائح وقرارات بالتنسيق مع إدارة الصندوق ، ويصدر قرار من الوزير المختص بقواعد وإجراءات وآليات التنسيق .
٨٦,86,مادة (٨٦) :,86.0,تسرى أحكام هذا الفصل على العقد الذى يتعهد بمقتضاه عامل بأن يعمل لدى صاحب عمل تحت إدارته أو إشرافه لقاء أجر .
۸۷,87,مادة (۸۷) :,87.0,يبرم عقد العمل الفردى لمدة غير محددة ، أو لمدة محددة إذا كانت طبيعة العمل تقتضى ذلك كما يجوز باتفاق الطرفين تجديد العقد لمدد أخرى مماثلة .
۸۸,88,مادة (۸۸) :,88.0,يُعتبر عقد العمل غير محدد المدة منذ إبرامه فى الحالات الآتية :
۸۹,89,مادة (۸۹) :,89.0,يلتزم صاحب العمل بتحرير عقد العمل كتابة باللغة العربية من أربع نسخ ، يحتفظ صاحب العمل بنسخة ، وتسلم نسخة للعامل ، وتودع الثالثة بمكتب التأمين الاجتماعى المختص ، والنسخة الرابعة بالجهة الإدارية المختصة .
۹۰,90,مادة (۹۰) :,90.0,تحدد فترة الاختبار فى عقد العمل لمدة لا تزيد على ثلاثة أشهر .
۹۱,91,مادة (۹۱) :,91.0,لا يجوز لصاحب العمل أن يخرج على الشروط المتفق عليها فى عقد العمل الفردى ، أو اتفاقية العمل الجماعية ، أو أن يكلف العامل بعمل غير المتفق عليه ،إلا إذا دعت الضرورة إلى ذلك ، منعًا لوقوع حادث ، أو لإصلاح ما نشأ عنه ،أو فى حالة القوة القاهرة ، على أن يكون ذلك بصفة مؤقتة ، وله أن يكلف العامل بعمل غير المتفق عليه ، إذا كان لا يختلف عنه اختلافًا جوهريًا .
۹۲,92,مادة (۹۲) :,92.0,على صاحب العمل أن ينشئ ملفًا ورقيًا أو إلكترونيًا لكل عامل يتضمن اسمه ، ومهنته ، ودرجة مهارته عند التحاقه بالعمل ، ومحل إقامته ، وحالته الاجتماعية ، وتاريخ بداية خدمته ، وأجره ، وبيان ما يطرأ عليه من تطورات والجزاءات التى وقعت عليه ، وبيان ما حصل عليه من إجازات ، وأن يدرج أو يودع فى الملف صورة من عقد العمل ، ومحاضر التحقيق إن وجدت ، وتقارير رؤسائه عن عمله وفقًا لما تقرره لائحة المنشأة ، وأية أوراق أخرى تتعلق بخدمة العامل وما يفيد التأمين عليه لدى الهيئة القومية للتأمين الاجتماعي ، والكشف الطبى الابتدائى ، ولا يجوز الاطلاع على هذه البيانات إلا لمن رخص له قانونًا بذلك ، وأن يقدم هذا الملف إلى الجهة الإدارية المختصة أو المحكمة العمالية المختصة حسب الأحوال عند طلبه .
۹۳,93,مادة (۹۳) :,93.0,يلتزم صاحب العمل ، بنقل العامل من الجهة التى تم التعاقد معه فيها إلى مكان العمل ، كما يلتزم بإعادته إلى تلك الجهة خلال ثلاثة أيام من تاريخ انتهاء عقد العمل لأحد الأسباب المبينة فى هذا القانون ، ولو كان خلال فترة الاختبار ، إلا إذا رفض العامل كتابة العودة خلال المدة المشار إليها .
٩٤,94,مادة (٩٤) :,94.0,إذا عهد صاحب العمل إلى صاحب عمل آخر بتأدية عمل من أعماله ، أو جزء منها ، وذلك فى منطقة عمل واحدة وجب على الأخير أن يسوى بين عماله ، وعمال صاحب العمل الأصلى فى جميع الحقوق ، ويكون الأخير متضامنًا معه فى الوفاء بجميع الالتزامات التى تفرضها أحكام هذا القانون .
٩٥,95,مادة (٩٥) :,95.0,يلتزم العامل الذى تم تدريبه على نفقة صاحب العمل بأن يقضى لديه المدة المتفق عليها ، وفى حالة تركه العمل قبل انقضاء هذه المدة يلتزم بسداد نفقات التدريب ، دون إخلال بحق صاحب العمل فى التعويض ، ما لم ينص عقد العمل على خلاف ذلك .
٩٦,96,مادة (٩٦) :,96.0,يعتبر نمطًا جديدًا من أنماط العمل كل عمل يقوم به العامل بطريقة غير تقليدية ، أيًا كان شكل أداء العمل ، أو طريقة تنفيذه ، ويقدم لصالح صاحب العمل وتحت إدارته أو إشرافه ، مقابل أجر أيًا كانت صورته ، ويعتبر نمطًا من أنماط العمل الجديدةعلى الأخص ما يأتي :
۹۷,97,مادة (۹۷) :,97.0,تسرى على علاقات العمل فى أنماط العمل الجديدة ما يسرى على علاقاتالعمل التقليدية ، وذلك مع مراعاة طبيعة كل عمل وطريقة أدائه .
۹۸,98,مادة (۹۸) :,98.0,يجوز باتفاق الطرفين فى أنماط العمل الجديدة أن يقوم العامل بالعمل لدى أكثر من صاحب عمل مع التزام العامل بعدم إفشاء أسرار العمل ، أو أن يعمل لحساب نفسه إلى جانب عمله لدى الغير .
۹۹,99,مادة (۹۹) :,99.0,يجب أن تكون علاقة العمل فى أنماط العمل الجديدة واضحة ومحددة فى عقد عمل مكتوب ورقيًا أو إلكترونيًا ، ويجوز للعامل إثبات علاقة العمل بكافةطرق الإثبات .
۱۰۰,100,مادة (۱۰۰) :,100.0,يُصدر الوزير المختص بالتشاور مع المنظمات النقابية العمالية ومنظمات أصحاب الأعمال القرارات اللازمة لتنظيم أنماط العمل الجديدة ، وتحديد صورها والنماذج الاسترشادية لعقود ولوائح العمل ، وطرق إثبات علاقة العمل ، وآليات حصول الطرفين على حقوقهم ، وذلك فى موعد لا يتجاوز ستة أشهر من تاريخ إصدار هذا القانون .
۱۰۱,101,مادة (۱۰۱) :,101.0,يُشكل المجلس القومى للأجور برئاسة الوزير المعنى بشئون التخطيط والتنمية الاقتصادية والتعاون الدولى ، وعضوية كل من :
۱۰۲,102,مادة (۱۰۲) :,102.0,يختص المجلس المشار إليه فى المادة (101) من هذا القانون على وجهالخصوص بالآتي :
۱۰۳,103,مادة (۱۰۳) :,103.0,يجتمع المجلس القومى للأجور بدعوة من رئيسه كل ستة أشهر على الأقل ،أو كلما دعت الحاجة إلى ذلك ، وتكون اجتماعاته صحيحة بحضور أغلبية الأعضاء ، وتصدر قراراته بأغلبية أراء الحاضرين من أعضائه ، وعند التساوى يرجح الجانب الذي منه الرئيس .
١٠٤,104,مادة (١٠٤) :,104.0,تلتزم المنشآت الخاضعة لأحكام هذا القانون بتنفيذ قرارات المجلس القومى للأجور ، كل فيما يخصها .
١٠٥,105,مادة (١٠٥) :,105.0,يتعين على أجهزة التفتيش بالوزارة المختصة القيام بإجراء التفتيش الدورى على المنشآت الخاضعة لأحكام هذا القانون للتحقق من تنفيذ قرارات المجلس القومى للأجور ، وعلى أصحاب الأعمال أو من يمثلونهم ، إمساك سجلات ورقيةأو إلكترونية تتضمن بيانات العاملين والأجر المستحق لكل عامل .
١٠٦,106,مادة (١٠٦) :,106.0,مع عدم الإخلال بالاختصاص المقرر لمحاكم مجلس الدولة ، لكل ذى مصلحة الطعن على القرارات الصادرة عن المجلس القومى للأجور فى طلبات أصحاب الأعمال بالتخفيض أو الإعفاء من صرف العلاوة الدورية السنوية أمام المحكمة العمالية ، وذلك خلال ثلاثين يومًا من التاريخ المقرر لصرف العلاوة أو الإخطار بالقرار المطعون فيه ، بحسب الأحوال .
۱۰۷,107,مادة (۱۰۷) :,107.0,يحدد الأجر وفقًا لعقد العمل الفردى ، أو اتفاقية العمل الجماعية ، أو لائحة المنشأة المعتمدة ، فإذا لم يحدد بأى من هذه الطرق استحق العامل أجر المثلإن وجد ، وإلا قدر الأجر طبقًا لعرف المهنة فى الجهة التى يؤدى فيها العمل ، فإن لم يوجد عرف تولى قاضى الأمور الوقتية بالمحكمة العمالية المختصة تقدير الأجر وفقًا لمقتضيات العدالة ، مع مراعاة أحكام هذا القانون .
۱۰۸,108,مادة (۱۰۸) :,108.0,تؤدى الأجور وغيرها من المبالغ المستحقة للعامل فى أحد أيام العمل وفى مكانه بالعملة المتداولة قانونًا ، أو فى حساب العامل البنكى ، مع مراعاة الأحكام التالية :
۱۰۹,109,مادة (۱۰۹) :,109.0,يكون حساب متوسط الأجر اليومى لعمال الإنتاج ، أو العمال الذين يتقاضون أجورًا أساسية مضافًا إليها عمولة أو نسبة مئوية على أساس متوسط ما تقاضاه العامل عن أيام العمل الفعلية فى السنة الميلادية السابقة ، أو عن المدة التى اشتغلها إن قلت عن ذلك مقسومًا على عدد أيام العمل الفعلية عن ذات الفترة .
۱۱۰,110,مادة (۱۱۰) :,110.0,يُحظر على صاحب العمل أن ينقل العامل من فئة عمال الأجر الشهرى إلى فئة عمال اليومية ، أو بالأجر الأسبوعى ، أو بالساعة ، أو بالإنتاج ، إلا بعد موافقته ، ويكون للعامل فى هذه الحالة جميع الحقوق التى اكتسبها فى المدة التى قضاهابالأجر الشهري .
۱۱۱,111,مادة (۱۱۱) :,111.0,إذا حضر العامل إلى مقر عمله فى الوقت المحدد للعمل ، وكان مستعدًالمباشرة عمله ، وحالت دون ذلك أسباب ترجع إلى صاحب العمل ، اعتبر كأنه أدى عمله فعلاً واستحق أجره كاملاً ، أما إذا حضر وحالت بينه وبين مباشرة عمله أسباب قهرية خارجة عن إرادة صاحب العمل استحق نصف أجره .
۱۱۲,112,مادة (۱۱۲) :,112.0,لا يجوز لصاحب العمل إلزام العامل بشراء أغذية ، أو سلع أو خدماتمن محال معينة ، أو مما ينتجه صاحب العمل من سلع ، أو ما يقدمه من خدمات .
۱۱۳,113,مادة (۱۱۳) :,113.0,لا يجوز لصاحب العمل أن يقتطع من أجر العامل أكثر من عشرة بالمائة ،وفاء لما يكون قد أقرضه من مال أثناء سريان العقد ، أو أن يتقاضى أية فائدة عن هذه القروض ، ويسرى هذا الحكم على الأجور المدفوعة مقدمًا .
١١٤,114,مادة (١١٤) :,114.0,مع عدم الإخلال بأحكام قانون تنظيم بعض أوضاع وإجراءات التقاضى فى مسائل الأحوال الشخصية الصادر بالقانون رقم ١ لسنة ۲۰۰۰ ، لا يجوز فى جميع الأحوال الاستقطاع أو الحجز ، أو النزول عن الأجر المستحق للعامل لأداء أى دين إلا فى حدود خمسة وعشرين بالمائة من هذا الأجر ، ويجوز رفع نسبة الخصم إلى خمسين بالمائة فى حالة دين النفقة .
١١٥,115,مادة (١١٥) :,115.0,لا تبرأ ذمة صاحب العمل من الأجر إلا إذا وقع العامل بما يفيد استلام الأجرفى السجل المعد لذلك ، أو فى كشوف الأجور ، أو إتمام تحويل أجره ومستحقاته إلى حسابه بأحد البنوك ، ويلتزم صاحب العمل بإعطاء العامل بيانًا بمفردات أجره .
١١٦,116,مادة (١١٦) :,116.0,مع مراعاة حكم المادة (115) من هذا القانون ، يسلم صاحب العمل إلى عمالهمن الأطفال أجورهم أو مكافآتهم أو غير ذلك مما يستحقونه قانونًا . ويكون هذا التسليم مبرئًا لذميه .
۱۱۷,117,مادة (۱۱۷) :,117.0,مع عدم الإخلال بأحكام القانون رقم ١٣٣ لسنة ١٩٦١ فى شأن تنظيم تشغيل العمال فى المنشآت الصناعية ، لا يجوز تشغيل العامل تشغيلاً فعليًا أكثر من ثمانى ساعات فى اليوم ، أو ثمان وأربعين ساعة فى الأسبوع ، ولا تدخل فيها الفترات المخصصة لتناول الطعام والراحة .
۱۱۸,118,مادة (۱۱۸) :,118.0,يجب أن تتخلل ساعات العمل فترة أو أكثر لتناول الطعام والراحة ، ولا تقلفى مجموعها عن ساعة ويراعى فى تحديد هذه الفترة ألا يعمل العامل أكثر من خمس ساعات متصلة .
۱۱۹,119,مادة (۱۱۹) :,119.0,يجب تنظيم ساعات العمل وفترات الراحة ، بحيث لا تجاوز الفترة بين بداية ساعات العمل ونهايتها أكثر من عشر ساعات فى اليوم الواحد ، وتحسب فترة الراحة من ساعات التواجد ، إذا كان العامل أثناءها فى مكان العمل .
۱۲۰,120,مادة (۱۲۰) :,120.0,يجب تنظيم العمل بالمنشأة بحيث يحصل كل عامل على راحة أسبوعية لا تقل عن أربع وعشرين ساعة كاملة بعد ستة أيام عمل متصلة على الأكثر ، وفى جميع الأحوال تكون الراحة الأسبوعية مدفوعة الأجر .
۱۲۱,121,مادة (۱۲۱) :,121.0,يجوز لصاحب العمل عدم التقيد بالأحكام الواردة بالمواد (117 ، ۱۱۸ ، ۱۱۹ ، ۱۲۰) من هذا القانون ، إذا كان التشغيل بقصد مواجهة ضرورات عمل غير عادية ، أو ظروف استثنائية ، ويشترط فى هذه الحالات إبلاغ الجهة الإدارية المختصة فى خلال سبعة أيام من وقوع ظروف العمل غير العادية أو الظروف الاستثنائية بمبررات التشغيل الإضافى والمدة اللازمة لإتمام العمل .
۱۲۲,122,مادة (۱۲۲) :,122.0,على صاحب العمل أن يضع بالمداخل الرئيسية التى يستعملها العمال ، أو فى مكان ظاهر بالمنشأة جدولاً ببيان يوم الراحة الأسبوعية ، وساعات العمل ، وفترات الراحة المقررة لكل العاملين ، وما يطرأ على هذا الجدول من تعديل مع إخطار الجهة الإدارية المختصة بصورة من هذا الجدول ، أو ما يطرأ عليه من تعديل خلال سبعة أيام من تنفيذه على الأكثر .
۱۲۳,123,مادة (۱۲۳) :,123.0,لا تسرى أحكام المواد (۱۱۷ ، ۱۱۸ ، ۱۱۹ ، ۱۲۰ / فقرة ثانية) من هذا القانون على الفئات الآتية :
١٢٤,124,مادة (١٢٤) :,124.0,يستحق العامل إجازة سنوية بأجر ، لا يدخل فى حسابها أيام عطلات الأعياد والمناسبات الرسمية والراحة الأسبوعية ، وذلك على الوجه الآتى :
125,125,مادة (125) :,125.0,يحدد صاحب العمل مواعيد الإجازة السنوية حسب مقتضيات العمل وظروفه ، ولا يجوز قطعها إلا لأسباب قوية تقتضيها مصلحة العمل .
١٢٦,126,مادة (١٢٦) :,126.0,للعامل الحق فى تحديد موعد إجازته السنوية إذا كان متقدمًا لأداء الامتحانفى إحدى مراحل التعليم بشرط أن يخطر صاحب العمل قبل قيامه بالإجازةبخمسة عشر يومًا على الأقل .
۱۲۷,127,مادة (۱۲۷) :,127.0,لصاحب العمل أن يحرم العامل من أجره عن مدة الإجازة ، أو يسترد ما أداهمن أجر عنها ، إذا ثبت اشتغاله خلالها لدى الغير ، وذلك دون إخلال بالجزاء التأديبي .
۱۲۸,128,مادة (۱۲۸) :,128.0,للعامل أن ينقطع عن العمل لسبب عارض لمدة لا تجاوز سبعة أيام خلال السنة ، وبحد أقصى يومان فى المرة الواحدة ، وتحسب الإجازة العارضة من الإجازة السنوية المقررة للعامل .
۱۲۹,129,مادة (۱۲۹) :,129.0,للعامل الحق فى إجازة بأجر فى العطلات والأعياد والمناسبات التى يصدر بتحديدها قرار من الوزير المختص ، وتسرى بالنسبة للأعياد الدينية لغير المسلمين أحكام قرار مجلس الوزراء الصادر فى هذا الشأن .
۱۳۰,130,مادة (۱۳۰) :,130.0,للعامل الذى أمضى فى خدمة صاحب عمل خمس سنوات متصلة ، الحق فى إجازة بأجر لمدة شهر لأداء فريضة الحج ، أو زيارة بيت المقدس ، وتكون هذه الإجازة مرة واحدة طوال مدة خدمته .
۱۳۱,131,مادة (۱۳۱) :,131.0,للعامل الذى يثبت مرضه ، أو إصابته على نحو يحول بينه وبين أداء عمله الحق فى إجازة مرضية تحددها الجهة الطبية المختصة ، ويستحق العامل خلالها تعويضًا عن الأجر ، تحدد نسبته ومدته ، وفقًا لأحكام قانون التأمينات الاجتماعية والمعاشات المشار إليه .
۱۳۲,132,مادة (۱۳۲) :,132.0,للجهة الطبية المختصة منع العامل المخالط لمريض بمرض معد من أحد أفراد أسرته من مزاولة عمله المدة المناسبة بما لا يجاوز ثلاثة أشهر ، وتحدد هذه الأمراض بقرار من الوزير المعنى بشئون الصحة ، كما يحدد القرار الجهة الطبية المختصة المشار إليها .
۱۳۳,133,مادة (۱۳۳) :,133.0,تثبت عدم اللياقة للخدمة صحيًا وفقًا لأحكام قانون التأمينات الاجتماعية والمعاشات المشار إليه .
١٣٤,134,مادة (١٣٤) :,134.0,يجب على العامل ما يأتي :
١٣٥,135,مادة (١٣٥) :,135.0,مع عدم الإخلال بأحكام القانون رقم ١٣٧ لسنة ١٩٥٨ فى شأن الاحتياطات الصحية للوقاية من الأمراض المعدية بالإقليم المصرى ، ومع مراعاة أحكام المادتين (۱۳۲و۱۳۸) من هذا القانون يلتزم العامل بالخضوع للاختبارات الطبية عن تعاطى المواد المخدرة أو الأمراض المعدية حينما يطلب منه صاحب العمل ذلك وعلى نفقته ، ويتم الاختبار الطبى بالهيئة العامة للتأمين الصحى أو المعامل المركزية بوزارة الصحة .
١٣٦,136,مادة (١٣٦) :,136.0,يُحظر على العامل أن يقوم بنفسه ، أو بواسطة غيره بالأعمال الآتية :
۱۳۷,137,مادة (۱۳۷) :,137.0,على كل صاحب عمل يستخدم عشرة عمال فأكثر أن يُعد لائحة بقواعد تنظيم العمل وفقًا لطبيعة النشاط ، على أن تتضمن على الأخص نظم الترقى ، والنقل ، والأجور ، والمخالفات التى تمثل خروجًا على مقتضى الواجب الوظيفى ، والجزاءات التأديبية ، خلال ستين يومًا من بداية عمل المنشأة أو تاريخ توافر هذا النصاب ،أو نفاذ هذا القانون ، بحسب الأحوال ، وعليه تسليم الجهة الإدارية المختصة نسخة من اللائحة لمراجعتها والتصديق عليها وعلى الجهة الإدارية المختصة استطلاع رأى المنظمة النقابية العمالية المختصة والتى يتعين عليها إبداء رأيها إلى الجهة الإدارية المختصة فى موعد لا يتجاوز خمسة عشر يومًا من تاريخ تسلمها للائحة وإلا اعتبر ذلك بمثابة موافقة على اللائحة ، فإذا لم تقم الجهة الإدارية المختصة بالتصديق ،أو الاعتراض على اللائحة خلال ثلاثين يومًا من تاريخ استلامها اعتبرت اللائحة نافذة .
۱۳۸,138,مادة (۱۳۸) :,138.0,يشترط فى الفعل الذى تجوز مساءلة العامل عنه تأديبيًا أن يكون ذا صلة بالعمل ، وتحدد لائحة الجزاءات المخالفات والجزاءات المقررة لها ، وفقًا لما هو منصوص عليه فى المادة (139) من هذا القانون وبما يحقق تناسب الجزاء مع المخالفة .
۱۳۹,139,مادة (۱۳۹) :,139.0,الجزاءات التأديبية التى يجوز توقيعها على العامل وفقًا للوائح تنظيم العمل والجزاءات فى المنشأة هي :
١٤٠,140,مادة (١٤٠) :,140.0,لا يجوز لصاحب العمل توقيع أكثر من جزاء عن المخالفة الواحدة ، كمالا يجوز له الجمع بين اقتطاع جزء من أجر العامل تطبيقًا لحكم المادة (139) من هذا القانون وبين أى جزاء مالي ، إذا زاد ما يجب اقتطاعه على أجر خمسة أيامفى الشهر الواحد .
١٤١,141,مادة (١٤١) :,141.0,لا يجوز توقيع جزاء على العامل إلا بعد إبلاغه كتابة بما نسب إليه وسماع أقواله ، وتحقيق دفاعه وإثبات ذلك فى محضر يودع فى ملفه الخاص ، على أن يبدأ التحقيق خلال سبعة أيام على الأكثر من تاريخ اكتشاف المخالفة ولا يتجاوز ثلاثة أشهرمن تاريخ بداية التحقيق ويجوز أن تزاد ثلاثة أشهر أخرى إذا تكشف أثناء التحقيق وقائع أو مستندات جديدة ، وللمنظمة النقابية التى يتبعها العامل أن تندب ممثلاً عنها لحضور التحقيق .
١٤٢,142,مادة (١٤٢) :,142.0,تختص الشئون القانونية بالمنشأة بالتحقيق مع العامل ، وفى حالة عدم وجودها فلصاحب العمل أن يعهد بالتحقيق فى موضوع المخالفة إلى شخص آخر من ذوى الخبرة أو أحد العاملين بالمنشأة ، بشرط ألا يقل المستوى الوظيفى للمحقق عن مستوى العامل الذى يحقق معه .
١٤٣,143,مادة (١٤٣) :,143.0,لا يجوز لصاحب العمل أن يوقع جزاء الخصم على العامل عن المخالفة الواحدة بما يزيد على خمسة أيام من الأجر الأساسي ، كما لا يجوز أن يقتطع من هذا الأجر وفاء للجزاءات التى يوقعها أكثر من أجر خمسة أيام فى الشهر الواحد .
١٤٤,144,مادة (١٤٤) :,144.0,يجوز تشديد الجزاء إذا عاد العامل إلى ارتكاب مخالفة جديدة من نوع المخالفة التى سبق مجازاته عليها ، متى وقعت هذه المخالفة خلال سنة من تاريخ إبلاغ العامل بتوقيع الجزاء السابق .
١٤٥,145,مادة (١٤٥) :,145.0,لصاحب العمل أن يوقف العامل عن عمله مؤقتًا بموجب قرار مكتوب لمدةلا تزيد على ستين يومًا مع صرف أجره كاملاً ، وذلك فى الحالات الآتية :
١٤٦,146,مادة (١٤٦) :,146.0,للعامل التظلم من قرار وقفه عن العمل الصادر وفقًا للبندين (١ ، 2) من المادة (145) من هذا القانون بموجب عريضة تقدم لقاضى الأمور الوقتية بالمحكمة العمالية المختصة ، وذلك خلال ثلاثة أيام من تاريخ إخطاره ، أو علمه بصدور القرارالمتظلم منه .
١٤٧,147,مادة (١٤٧) :,147.0,لصاحب العمل أن يطلب من قاضى الأمور الوقتية بالمحكمة العمالية المختصة مد فترة الإيقاف عن العمل لمدة أو لمدد أخرى مع صرف نصف أجر العامل وذلك قبل انتهاء مدة الإيقاف بعشرة أيام .
١٤٨,148,مادة (١٤٨) :,148.0,يكون الاختصاص بتوقيع جزاء الفصل من العمل للمحكمة العمالية المختصة ، ويكون توقيع باقى الجزاءات التأديبية لصاحب العمل ، أو من يفوضه لذلك ،ويكون لمدير المنشأة توقيع جزائى الإنذار الكتابى ، والخصم من الأجر لمدة لا تجاوز ثلاثة أيام .
١٤٩,149,مادة (١٤٩) :,149.0,مع عدم الإخلال بحق التقاضي ، إذا نشأ نزاع فردى بين صاحب العمل والعامل بشأن تطبيق أحكام هذا القانون ، أو أى من القوانين ذات الصلة كان لأى منهما خلال عشرة أيام من تاريخ نشوء النزاع أن يطلب تسويته وديًا بمعرفة لجنة تشكل على النحو الآتي :
١٥٠,150,مادة (١٥٠) :,150.0,إذا لم تتم تسوية النزاع وديًا يحرر رئيس اللجنة محضرًا بما تم ، ويوقع منه ومن طرفى النزاع ، ويثبت ما تم من أعمال وما تلقته اللجنة من مستندات ورأيها فى موضوع النزاع ، ويحال إلى المحكمة العمالية المختصة بناء على طلب أى من طرفيه ، ويحدد قلم كتاب المحكمة جلسة لنظر النزاع فى مدة لا تجاوز عشرين يومًا من تاريخ ورود الطلب ، وعليه إعلان طرفى النزاع بها .
١٥١,151,مادة (١٥١) :,151.0,إذا تسبب العامل بخطئه ، أو بمناسبة عمله فى فقد ، أو إتلاف مهمات ، أو آلات أو خامات ، أو منتجات أو غيرها ، يملكها صاحب العمل ، أو كانت فى عهدته التزم بأداء قيمة ما فقد ، أو أتلف .
١٥٢,152,مادة (١٥٢) :,152.0,لا تخل الأحكام الواردة بهذا الفصل بالضمانات المقررة بقانون المنظمات النقابية العمالية وحماية حق التنظيم النقابى المشار إليه ، لأعضاء مجالس إداراتالمنظمات النقابية .
١٥٣,153,مادة (١٥٣) :,153.0,يجب على صاحب العمل أن يمسك سجلاً ورقيًا أو إلكترونيًا لقيد الجزاءات المالية الموقعة على العمال ، مع بيان سبب توقيعها واسم العامل ومقدار أجره ،وأن يفرد لحصيلتها حسابًا خاصًا للصرف على عمال المنشأة فى الأغراض الاجتماعية والثقافية والرياضية ، ولا يجوز صرف هذه المبالغ للوفاء بالالتزامات المنصوص عليها فى المادة (272) من هذا القانون وتوزع حصيلة تلك الأموال عند تصفية المنشأة بالتساوى على العمال الموجودين بها وقت التصفية .
١٥٤,154,مادة (١٥٤) :,154.0,مع عدم الإخلال بما نصت عليه المواد (۸۷ ، ۸۸ ، 95) من هذا القانون ،ينتهى عقد العمل محدد المدة بانقضاء مدته .
١٥٥,155,مادة (١٥٥) :,155.0,إذا أبرم عقد العمل لإنجاز عمل معين ، انتهى العقد بإنجاز هذا العمل ، ويجوز تجديده باتفاق صريح بين طرفيه ، وذلك لعمل أو أعمال أخرى مماثلة .
١٥٦,156,مادة (١٥٦) :,156.0,مع عدم الإخلال بأحكام المادة (165) من هذا القانون إذا كان عقد العمل غير محدد المدة ، جاز لأى من طرفيه إنهاؤه بشرط أن يخطر الطرف الآخر كتابة قبل الإنهاء بثلاثة أشهر .
١٥٧,157,مادة (١٥٧) :,157.0,مع عدم الإخلال بحكم المادة (235) من هذا القانون ، ومع مراعاة أحكام المواد من (١٥٨ إلى ١٧٥) من هذا القانون ، لا يجوز لأصحاب الأعمال والعمال إنهاء عقد العمل غير محدد المدة ، إلا بمبرر مشروع وكاف .
١٥٨,158,مادة (١٥٨) :,158.0,لا يجوز تعليق الإخطار بالإنهاء على شرط واقف ، أو فاسخ .
١٥٩,159,مادة (١٥٩) :,159.0,لا يجوز توجيه الإخطار للعامل خلال إجازاته ، ولا تحتسب مهلة الإخطارإلا من اليوم التالى لانتهاء الإجازة ، وإذا حصل العامل على إجازة مرضية خلال مهلة الإخطار يوقف سريان هذه المهلة ولا يبدأ سريانها من جديد إلا من اليوم التالى لانتهاء تلك الإجازة .
١٦٠,160,مادة (١٦٠) :,160.0,يظل عقد العمل قائمًا طوال مهلة الإخطار ، ويلتزم طرفاه بتنفيذ جميع الالتزامات الناشئة عنه وينتهى العقد بانقضاء هذه المهلة .
١٦١,161,مادة (١٦١) :,161.0,لا يجوز الاتفاق على الإعفاء من شرط الإخطار أو تخفيض مدته ، ويجوز الاتفاق على زيادة هذه المدة .
١٦٢,162,مادة (١٦٢) :,162.0,إذا كان الإخطار بالإنهاء من جانب صاحب العمل ، يحق للعامل أن يتغيب يومًا كاملاً فى الأسبوع أو ثمانى ساعات أثناء الأسبوع ، وذلك للبحث عن عمل آخر مع استحقاقه لأجره عن يوم أو ساعات الغياب .
١٦٣,163,مادة (١٦٣) :,163.0,لصاحب العمل أن يعفى العامل من العمل أثناء مهلة الإخطار ، مع احتساب مدة خدمة العامل مستمرة إلى حين انتهاء تلك المهلة ، مع ما يترتب على ذلك من آثار ، وبخاصة استحقاق العامل أجره عن هذه المهلة .
١٦٤,164,مادة (١٦٤) :,164.0,إذا أنهى صاحب العمل عقد العمل غير محدد المدة دون إخطار أو قبل انقضاء مهلة الإخطار ، يلتزم بأن يؤدى للعامل مبلغًا يعادل أجره عن مدة المهلة ، أو الجزء الباقى منها .
١٦٥,165,مادة (١٦٥) :,165.0,إذا أنهى صاحب العمل العقد غير محدد المدة لسبب غير مشروع ، كان للعامل الحق فى تعويض عما أصابه من ضرر بسبب هذا الإنهاء بما لا يقل عن أجر شهرين عن كل سنة من سنوات الخدمة ، ولا يخل ذلك بحق العامل فى المطالبة بباقى حقوقه المقررة قانونًا .
١٦٦,166,مادة (١٦٦) :,166.0,يُعتبر العامل مستقيلاً من العمل إذا تغيب بدون مبرر مشروع أكثر من عشرين يومًا متقطعة خلال السنة الواحدة ، أو أكثر من عشرة أيام متتالية ، على أن يسبق ذلك إنذار بخطاب موصى عليه بعلم الوصول من صاحب العمل ، أو من يمثله ، للعامل بعد غيابه عشرة أيام فى الحالة الأولى ، وخمسة أيام فى الحالة الثانية .
١٦٧,167,مادة (١٦٧) :,167.0,للعامل أن يقدم استقالته كتابة لصاحب العمل بشرط أن تكون موقعة من العاملأو من وكيله الخاص ، ومعتمدة من الجهة الإدارية المختصة .
١٦٨,168,مادة (١٦٨) :,168.0,للعامل إنهاء العقد إذا أخل صاحب العمل بالتزام من التزاماته الجوهرية الناشئة عن هذا القانون ، أو عقد العمل الفردى أو الجماعى ، أو لائحة النظام الأساسى للمنشأة ، أو إذا وقع على العامل ، أو أحد ذويه اعتداء من صاحب العمل ،أو ممن يمثله .
١٦٩,169,مادة (١٦٩) :,169.0,ينتهى عقد العمل بوفاة العامل حقيقة ، أو حكمًا ، طبقًا للقواعد القانونية المقررة ، ولا ينتهى عقد العمل بوفاة صاحب العمل ، إلا إذا كان قد أبرم لاعتبارات تتعلق بشخص صاحب العمل ، أو بنشاطه الذى ينقطع بوفاته .
۱۷۰,170,مادة (۱۷۰) :,170.0,مع عدم الإخلال بأحكام قانون التأمينات الاجتماعية والمعاشات المشار إليه ، ينتهى عقد العمل بعجز العامل عن تأدية عمله عجزًا كليًا ، أيًا كان سبب هذا العجز .
۱۷۱,171,مادة (۱۷۱) :,171.0,لا يجوز تحديد سن للتقاعد تقل عن ستين سنة .
۱۷۲,172,مادة (۱۷۲) :,172.0,يستحق العامل عن مدة عمله بعد سن الستين ، مكافأة بواقع أجر نصف شهر عن كل سنة من السنوات الخمس الأولى من الخدمة ، وأجر شهر عن كل سنة من السنوات التالية لها ، وذلك إذا لم تكن له حقوق عن هذه المدة ، وفقًا لأحكام تأمين الشيخوخة ، والعجز ، والوفاة المنصوص عليها فى قانون التأمينات الاجتماعية والمعاشات المشار إليه .
۱۷۳,173,مادة (۱۷۳) :,173.0,يُحظر على صاحب العمل إنهاء عقد العامل لمرض العامل ، إلا إذا استنفد إجازاته المرضية ، وما تبقى من متجمد إجازاته السنوية المستحقة له ، وذلك مع عدم الإخلال بأحكام قانون التأمينات الاجتماعية والمعاشات المشار إليه .
١٧٤,174,مادة (١٧٤) :,174.0,لصاحب العمل أن ينهى عقد العمل ولو كان محدد المدة ، أو مبرمًا لإنجاز عمل معين إذا حكم نهائيًا على العامل بعقوبة جناية أو بعقوبة مقيدة للحرية فى جريمة ماسة بالشرف أو الأمانة ، وذلك ما لم تأمر المحكمة بوقف تنفيذ العقوبة .
١٧٥,175,مادة (١٧٥) :,175.0,يلتزم صاحب العمل بأن يمكن العامل من الاطلاع على تدرجه الوظيفىوعناصر أجره ، وأن يعطى العامل بناءً على طلبه ودون مقابل شهادة تحدد خبرته وكفاءته المهنية ، وذلك أثناء سريان العقد ، أو عند انتهائه .
١٧٦,176,مادة (١٧٦) :,176.0,"تنشأ بدائرة اختصاص كل محكمة ابتدائية محكمة تسمى ""المحكمة العمالية"" ، كما تنشأ بدائرة كل محكمة من محاكم الاستئناف دوائر استئنافية متخصصة ، لنظر الطعون التى ترفع إليها فى الأحكام الصادرة عن المحكمة العمالية ."
۱۷۷,177,مادة (۱۷۷) :,177.0,تختص المحكمة العمالية المشار إليها فى المادة (176) من هذا القانون ،دون غيرها ، بنظر النزاعات الناشئة عن تطبيق أحكام القوانين واللوائح المنظمة لعلاقات العمل كافة ، وكذلك الدعاوى المتعلقة بحقوق العمال التأمينية والمنتفعين عنهم ، والمنظمات النقابية العمالية وتشكيلاتها ، وذلك دون الإخلال باختصاصات محاكم مجلس الدولة .
۱۷۸,178,مادة (۱۷۸) :,178.0,تشكل كل دائرة من دوائر المحكمة العمالية من ثلاثة من القضاة بالمحاكم الابتدائية ، يكون أحدهم على الأقل بدرجة رئيس من الفئة (أ) .
۱۷۹,179,مادة (۱۷۹) :,179.0,تعين الجمعية العمومية للمحكمة الابتدائية فى بداية كل عام قضائى قاضيًا بدرجة رئيس محكمة من الفئة (أ) ليحكم بصفة مؤقتة مع عدم المساس بأصل الحق فى المسائل المستعجلة التى يخشى عليها من فوات الوقت ، وإصدار الأوامر على عرائض ، والأوامر الوقتية ، وأوامر الأداء فى تلك المسائل أيًا كانت قيمة الحق محل الطلب الذى تختص به المحاكم العمالية .
۱۸۰,180,مادة (۱۸۰) :,180.0,يكون الطعن فى الأحكام ، والتظلم من الأوامر الصادرة عن قاضى الأمور المستعجلة أمام المحاكم العمالية المتخصصة دون غيرها .
۱۸۱,181,مادة (۱۸۱) :,181.0,تختص دوائر المحاكم العمالية بنظر الجرائم الناشئة عن تطبيق أحكام القوانين واللوائح المنظمة لعلاقات العمل ، وحقوق العمال التأمينية والمنتفعين عنهم ، والمنظمات النقابية العمالية وتشكيلاتها ويكون استئنافها أمام الدوائرالاستئنافية المتخصصة .
۱۸۲,182,مادة (۱۸۲) :,182.0,لا يجوز الطعن بالنقض فى الأحكام الصادرة عن الدوائر الاستئنافية المتخصصة فى الجرائم الناشئة عن تطبيق أحكام القوانين واللوائح المنظمة لعلاقات العمل ، وحقوق العمال التأمينية والمنتفعين عنهم ، والمنظمات النقابية العمالية وتشكيلاتها ،فى غير الأحوال الصادر فيها أحكام بعقوبة مقيدة للحرية .
۱۸۳,183,مادة (۱۸۳) :,183.0,تختص المحكمة العمالية بالفصل فى منازعات التنفيذ الوقتية والموضوعيةفى الأحكام والأوامر الصادرة عنها ، أو تلك التى تصدر وفقًا للمادة (179) من هذا القانون ، ويطعن فى الأحكام الصادرة عنها أمام الدوائر الاستئنافية المتخصصة .
١٨٤,184,مادة (١٨٤) :,184.0,ينشأ فى دائرة اختصاص المحكمة العمالية قلم كتاب خاص بالمحكمة ، وإدارة خاصة لتنفيذ الأحكام ، والقرارات الصادرة عنها ، أو عن دوائرها الاستئنافية .
١٨٥,185,مادة (١٨٥) :,185.0,ينشأ فى مقر كل محكمة ابتدائية ، وكذا بكل مقر آخر تنعقد فيه المحكمة العمالية ، مكتب للمساعدة القانونية العمالية يناط به كل ما من شأنه معاونة المتقاضين فى إقامة دعواهم العمالية على الوجه القانونى الصحيح ، وتكون سائر خدمات هذا المكتب للمتقاضين اختيارية ، ودون مقابل .
١٨٦,186,مادة (١٨٦) :,186.0,تشكل بمحكمة النقض دائرة أو أكثر تختص دون غيرها ، بالفصل فى الطعون بالنقض فى الأحكام الصادرة عن المحاكم العمالية .
۱۸۷,187,مادة (۱۸۷) :,187.0,تتبع فى الطعن على أحكام المحاكم العمالية الأحكام الواردة فى قوانين الإجراءات الجنائية ، وحالات وإجراءات الطعن أمام محكمة النقض ، والمرافعات المدنية والتجارية ، والإثبات فى المواد المدنية والتجارية ، بحسب الأحوال ، وذلك فيما لم يرد بشأنه نص خاص فى هذا القانون .
۱۸۸,188,مادة (۱۸۸) :,188.0,"ينشأ بالوزارة المختصة مجلس يسمى ""المجلس الأعلى للتشاور الاجتماعي"" ، وتكون له الشخصية الاعتبارية العامة ، يهدف إلى تعزيز التعاون والتشاور والحوار بين أطراف العمل الثلاثة فى جميع قضايا العمل ، بما يحقق التوازن والاستقرار فى علاقات العمل الفردية والجماعية ."
۱۸۹,189,مادة (۱۸۹) :,189.0,يختص المجلس الأعلى للتشاور الاجتماعى بما يأتي :
۱۹۰,190,مادة (۱۹۰) :,190.0,يُشكل المجلس بقرار من رئيس مجلس الوزراء برئاسة الوزير المختص ، ويضم فى عضويته ممثلين عن الوزارات والجهات المعنية ، وممثلى منظمات أصحاب الأعمال المعنية والمنظمات النقابية العمالية المعنية ، ترشحهم منظماتهم بالتساوى فيما بينهما ، على أن يراعى عند الترشيح تمثيل جميع مستويات المنظمات النقابية المعنية وتمثيل المرأة بما لا يقل عن الثلث لكل من الأطراف الثلاث ، ما لم يتعذر ذلك .
۱۹۱,191,مادة (۱۹۱) :,191.0,دورة انعقاد المجلس أربع سنوات ، تبدأ من اليوم التالى لصدور قرار رئيس مجلس الوزراء الصادر بالتشكيل ، ويعاد تشكيله خلال الستين يومًا الأخيرة على الأقل قبل انتهاء دورته .
۱۹۲,192,مادة (۱۹۲) :,192.0,للمجلس أن ينشئ فروعًا له فى المحافظات للقيام بمهامه على مستوى المحافظة برئاسة مدير مديرية العمل ، وعضوية ممثلى المنظمات النقابية العمالية المعنية ومنظمات أصحاب الأعمال المعنية بالتساوى فيما بينهم ، كما له أن يشكل لجانًا نوعية من بين أعضائه أو من غيرهم للقيام بالمهام التى يوكلها إليهم ، على أن يراعى فى ذلك التمثيل الثلاثى للمجلس .
۱۹۳,193,مادة (۱۹۳) :,193.0,يجوز للمجلس قبول الهبات والمنح والتبرعات بعد العرض على مجلس إدارته وموافقة ثلثى أعضائه على الأقل ، ووفقًا للقواعد والإجراءات المقررة قانونًا .
١٩٤,194,مادة (١٩٤) :,194.0,تجرى المفاوضة الجماعية بحرية وطواعية فى إطار من التوازن بين مصالح طرفيها من أجل :
١٩٥,195,مادة (١٩٥) :,195.0,تكون المفاوضة الجماعية على مستوى المنشأة أو فروعها ، أو المهنة ،أو الصناعة ، أو على المستوى الإقليمى ، أو على المستوى القومى .
١٩٦,196,مادة (١٩٦) :,196.0,إذا أثير نزاع عمل جماعى وجب على طرفيه الدخول فى مفاوضة جماعية لتسويته وديًا .
۱۹۷,197,مادة (۱۹۷) :,197.0,إذا أسفرت المفاوضة الجماعية عن اتفاق الطرفين يدون اتفاقهما فى اتفاقية عمل جماعية طبقًا للشروط والقواعد المحددة فى هذا القانون .
۱۹۸,198,مادة (۱۹۸) :,198.0,يُحظر على طرفى علاقة العمل أثناء المفاوضة اتخاذ إجراءات ، أو إصدار قرارات تتعلق بالموضوعات محل التفاوض ، إلا فى حالة الضرورة والاستعجال ويشترط أن يكون الإجراء أو القرار فى هذه الحالة مؤقتًا .
۱۹۹,199,مادة (۱۹۹) :,199.0,مع عدم الإخلال بأحكام قانون المنظمات النقابية العمالية وحماية حق التنظيم النقابى المشار إليه ، يكون إبرام الاتفاقية الجماعية لمدة لا تزيد على ثلاث سنوات ، أو للمدة اللازمة لتنفيذ مشروع معين ، فإذا زادت المدة فى الحالة الأخيرة على ثلاث سنوات تعين على طرفى الاتفاقية التفاوض لتجديدها أو لتعديل شروطها فى ضوءما يستجد من ظروف اقتصادية ، أو اجتماعية ، وتتبع فى شأن التجديد أحكامالمادة (202) من هذا القانون .
۲۰۰,200,مادة (۲۰۰) :,200.0,يقع باطلاً كل نص يرد فى اتفاقية العمل الجماعية ويكون مخالفًا لأحكام هذا القانون ، أو القوانين ذات الصلة .
۲۰۱,201,مادة (۲۰۱) :,201.0,يجب أن تكون اتفاقية العمل الجماعية مكتوبة باللغة العربية ، ويجوز كتابة نسخة منها بلغة أجنبية ، وفى حالة التعارض أو الخلاف يعتد بالنص المكتوب باللغة العربية .
۲۰۲,202,مادة (۲۰۲) :,202.0,يتعين على طرفى اتفاقية العمل الجماعية سلوك طريق المفاوضة الجماعية لتجديدها قبل انتهاء مدتها بثلاثة أشهر ، فإذا انقضت المدة الأخيرة دون الاتفاق على التجديد امتد العمل بالاتفاقية مدة ثلاثة أشهر ويستمر التفاوض لتجديدها ، فإذا انقضى شهران دون التوصل إلى اتفاق كان لأى من طرفى الاتفاقية عرض الأمر على الجهة الإدارية المختصة لاتخاذ ما يلزم نحو اتباع إجراءات الوساطة وفقًا لأحكام هذا القانون .
۲۰۳,203,مادة (۲۰۳) :,203.0,تكون اتفاقية العمل الجماعية نافذة وملزمة لطرفيها بعد التوقيع عليها ، ويتعين إيداعها لدى الجهة الإدارية المختصة لقيدها خلال ثلاثين يومًا من تاريخ التوقيع عليها فى سجل ورقى أو إلكترونى يعد لهذا الغرض ، ويجوز للجهة الإدارية المختصة الاعتراض عليها إذا توافرت حالة من الحالات المنصوص عليها فى المادة (200)من هذا القانون ، وإخطار طرفى الاتفاقية بالاعتراض وأسبابه ، وذلك بكتاب موصى عليه ومصحوبًا بعلم الوصول .
٢٠٤,204,مادة (٢٠٤) :,204.0,إذا رفضت الجهة الإدارية المختصة قيد الاتفاقية وفق أحكام المادة (203) من هذا القانون ، جاز لأى من طرفى الاتفاقية اللجوء إلى قاضى الأمور المستعجلة بالمحكمة العمالية المختصة التى يقع بدائرتها محل العمل ، وفقًا للإجراءات المعتادة لرفع الدعوى ، وذلك خلال ثلاثين يومًا من تاريخ الإخطار بالاعتراض ، فإذا قضت بقيد الاتفاقية وجب على الجهة الإدارية المختصة إجراء القيد فى السجل الخاص بذلك .
٢٠٥,205,مادة (٢٠٥) :,205.0,يلتزم صاحب العمل بأن يضع اتفاقية العمل الجماعية فى مكان ظاهربمحل العمل ، متضمنة نصوصها والموقعين عليها وتاريخ إيداعها لدى الجهةالإدارية المختصة .
٢٠٦,206,مادة (٢٠٦) :,206.0,يكون الانضمام إلى الاتفاقية بعد قيدها لدى الجهة الإدارية المختصة للعمال ومنظماتهم النقابية ، وأصحاب الأعمال ومنظماتهم من غير طرفى الاتفاقية الجماعية ، بناء على اتفاق بين الطرفين الراغبين فى الانضمام ودون حاجة إلى موافقة طرفى الاتفاقية الأصليين ، بطلب موقع من الطرفين يقدم إلى الجهة الإدارية المختصة .
۲۰۷,207,مادة (۲۰۷) :,207.0,تلتزم الجهة الإدارية المختصة بالتأشير على هامش السجل المشار إليه فى المادة (203) من هذا القانون بما يطرأ على اتفاقية العمل الجماعية من تجديد ، أو انضمام ،أو تعديل خلال خمسة عشر يومًا من تاريخ حصوله .
۲۰۸,208,مادة (۲۰۸) :,208.0,يلتزم طرفا اتفاقية العمل الجماعية بتنفيذها بطريقة تتفق مع ما يقتضيه حسن النية ، وأن يمتنعا عن القيام بأى عمل ، أو إجراء ، من شأنه أن يعطل تنفيذ أحكامها .
۲۰۹,209,مادة (۲۰۹) :,209.0,إذا طرأت ظروف استثنائية غير متوقعة وترتب على حدوثها أن تنفيذ أحد الطرفين للاتفاقية ، أو لحكم من أحكامها أصبح مرهقًا ، وجب على الطرفين سلوك طريق المفاوضة الجماعية لمناقشة هذه الظروف ، والوصول إلى اتفاق يحقق التوازن بين مصلحتيهما .
۲۱۰,210,مادة (۲۱۰) :,210.0,لكل من طرفى اتفاقية العمل الجماعية ، وكذلك لكل ذى مصلحة من العمال ،أو أصحاب الأعمال ، أن يطلب الحكم بتنفيذ أى من أحكامها ، أو بالتعويض عن عدم تنفيذها أو مخالفتها .
۲۱۱,211,مادة (۲۱۱) :,211.0,للمنظمة النقابية العمالية ، ولمنظمة أصحاب الأعمال التى تكون طرفًافى الاتفاقية الجماعية أن ترفع لمصلحة أى عضو من أعضائها جميع الدعاوى الناشئة عن الإخلال بأحكام الاتفاقية .
۲۱۲,212,مادة (۲۱۲) :,212.0,مع عدم الإخلال بحق التقاضي ، تخضع المنازعات الناشئة عن الاتفاقية الجماعية للإجراءات التى يتفق عليها الطرفان ، مع مراعاة الأحكام الواردة فى الباب الثالث من هذا الكتاب .
۲۱۳,213,مادة (۲۱۳) :,213.0,مع عدم الإخلال بحق التقاضي ، تسرى أحكام هذا الفصل على كل نزاع يتعلق بشروط العمل أو ظروفه أو أحكام التشغيل ينشأ بين صاحب عمل أو مجموعةمن أصحاب الأعمال ، أو منظماتهم ، وجميع العمال أو فريق منهم أو منظماتهم .
٢١٤,214,مادة (٢١٤) :,214.0,إذا انقضى شهر من تاريخ بدء المفاوضة دون الوصول إلى اتفاق جاز للطرفين أو لأحدهما اللجوء للجهة الإدارية المختصة لبدء إجراءات التوفيق .
٢١٥,215,مادة (٢١٥) :,215.0,تحدد الجهة الإدارية المختصة جلسة للتوفيق فى النزاع فى موعد لا يتجاوز خمسة أيام من تاريخ تقديم الطلب إليها ، ويخطر به طرفا النزاع قبل الموعد المحدد بثلاثة أيام على الأقل .
٢١٦,216,مادة (٢١٦) :,216.0,إذا اتفق طرفا النزاع على تسويته وديًا وفقًا لأحكام هذا الفرع ، يحرر الاتفاق ويوقع عليه منهما فى اتفاقية عمل جماعية ، وتتخذ بشأنه الإجراءات الواردة فى هذا القانون ، وتكون ملزمة لهما .
۲۱۷,217,مادة (۲۱۷) :,217.0,مع مراعاة أحكام قانون التحكيم فى المواد المدنية والتجارية الصادر بالقانونرقم ۲۷ لسنة ١٩٩٤ ، إذا لم تتم تسوية النزاع خلال واحد وعشرين يومًا من تاريخ بدء التوفيق ، جاز للطرفين اللجوء إلى الجهة الإدارية المختصة لاتخاذ إجراءات إحالة النزاع إلى مركز الوساطة والتحكيم المنصوص عليه فى المادة (218) من هذا القانون .
218,218,مادة (218) :,218.0,"يُنشأ بالوزارة المختصة مركز يسمى ""مركز الوساطة والتحكيم"" ، تكون له الشخصية الاعتبارية ، ويتبع الوزير المختص ، ويتكون من قسمين قسم الوساطة ، وقسم التحكيم ."
۲۱۹,219,مادة (۲۱۹) :,219.0,"يُعد مركز الوساطة والتحكيم قائمة من الوسطاء وقائمة من المحكمين الذين تنطبق عليهم الشروط الواردة فى هذا القانون ، ويؤدى كل منهم أمام رئيس المركز القسم الآتى : ""أقسم بالله العظيم أن أؤدى مهمتى بالذمة والأمانة والصدق وألا أفشى سرًامن أسرار العمل التى أطلع عليها بحكم مهمتى"" ."
۲۲۰,220,مادة (۲۲۰) :,220.0,استثناءً من أحكام المادتين (221 ، 226) من هذا القانون ، يجوز لمركز الوساطة والتحكيم الاستعانة بأعضاء من الجهات والهيئات القضائية بعد موافقة مجالسهم الخاصة .
۲۲۱,221,مادة (۲۲۱) :,221.0,يُشترط فيمن يقيد بقائمة الوسطاء الشروط الآتية :
۲۲۲,222,مادة (۲۲۲) :,222.0,لطرفى النزاع اختيار أحد الوسطاء المقيدين بالقائمة فى موعد غايته سبعة أيام من تاريخ تقديم طلب الوساطة .
۲۲۳,223,مادة (۲۲۳) :,223.0,تبدأ مهمة الوسيط من تاريخ إحالة النزاع إليه ، وعليه إنجاز مهمته خلال شهر .
٢٢٤,224,مادة (٢٢٤) :,224.0,مع عدم الإخلال بحكم المادة (223) من هذا القانون ، يحق لطرفى النزاعأو أحدهما خلال خمسة عشر يومًا أن يطلب من مركز الوساطة والتحكيم استبدال وسيط النزاع لمرة واحدة ، فإذا رفض الطرف الآخر استبداله تعين على مركز الوساطة والتحكيم الفصل فى هذا الطلب فى موعد لا يجاوز يومين ، فإذا تم اختيار وسيط جديد تحسب مدة أعماله من تاريخ تسلمه للمهمة .
٢٢٥,225,مادة (٢٢٥) :,225.0,على الوسيط أن يبذل مساعيه للتقريب بين وجهات نظر طرفى النزاع ،فإذا لم يتمكن من تحقيق ذلك كان عليه أن يقدم للطرفين كتابة ما يقترحه من توصيات لحل النزاع .
٢٢٦,226,مادة (٢٢٦) :,226.0,يُشترط فيمن يقيد بقائمة المحكمين ، الشروط الآتية :
۲۲۷,227,مادة (۲۲۷) :,227.0,تشكل هيئة التحكيم باتفاق الطرفين من محكم واحد أو أكثر ، بشرط أن يكون العدد فرديًا ، لنظر النزاع القائم ، وذلك فى موعد غايته خمسة عشر يومًا من تاريخ إحالة النزاع لقسم التحكيم .
۲۲۸,228,مادة (۲۲۸) :,228.0,يوقع طرفا النزاع مشارطة التحكيم التى تحوى موضوع النزاع ، والشروط والإجراءات التى يجرى عليها التحكيم ، وتتبع فيما لم تتضمنه مشارطة التحكيم الأحكام المقررة فى قانون التحكيم فى المواد المدنية والتجارية المشار إليه .
۲۲۹,229,مادة (۲۲۹) :,229.0,يتعين على المحكم أو المحكمين عند الفصل فى النزاع المعروض مراعاة التشريعات المعمول بها داخل الدولة ، والاتفاقيات الدولية المصدق عليها ،ومبادئ القانون الطبيعى ، والعرف والعدالة الاجتماعية ، وفقًا للحالة الاقتصادية والاجتماعية السائدة فى منطقة المنشأة ، ويصدر الحكم بأغلبية الآراء فى حالةتعدد المحكمين .
۲۳۰,230,مادة (۲۳۰) :,230.0,تشكل بقسم التحكيم دائرة عليا أو أكثر ، لإعادة النظر ، مكونة من خمسة محكمين من المقيدين بقائمتها للطعن فى الأحكام المشار إليها فى المادة (229)من هذا القانون .
۲۳۱,231,مادة (۲۳۱) :,231.0,للعمال حق الإضراب عن العمل للمطالبة بما يرونه محققًا لمصالحهم المهنية والاقتصادية والاجتماعية ، وذلك بعد استنفاد طرق التسوية الودية للمنازعات المنصوص عليها فى هذا القانون ، ويكون إعلانه ، وتنظيمه من خلال المنظمةالنقابية العمالية المعنية ، أو المفوض العمالى فى حدود الضوابط والإجراءات المقررة فى هذا القانون .
۲۳۲,232,مادة (۲۳۲) :,232.0,يجب أن يتضمن الإعلان عن الإضراب ، إخطار كل من صاحب العمل والجهة الإدارية المختصة قبل التاريخ المحدد للإضراب بعشرة أيام على الأقل ، وذلك بكتاب مسجل وموصى عليه بعلم الوصول ، على أن يتضمن الإخطار الأسباب الدافعة للإضراب ومواعيده .
۲۳۳,233,مادة (۲۳۳) :,233.0,يُحظر على العمال الدعوة إلى الإضراب ، أو إعلانه بقصد تعديل اتفاقية عمل جماعية أثناء مدة سريانها .
٢٣٤,234,مادة (٢٣٤) :,234.0,يُحظر الإضراب أو الدعوة إليه أو إعلانه بالمنشآت الحيوية التى تقدم خدمات أساسية للمواطنين والتى يترتب على توقف العمل فيها الإخلال بالأمن القومى .
٢٣٥,235,مادة (٢٣٥) :,235.0,يترتب على الإضراب عن العمل وقف الالتزامات الناشئة عن عقد العمل خلال مدة الإضراب .
٢٣٦,236,مادة (٢٣٦) :,236.0,يحق لصاحب العمل لضرورات اقتصادية ، الإغلاق الكلى أو الجزئى للمنشأة ، أو تقليص حجمها أو نشاطها ، بما قد يمس حجم العمالة بها على نحو مؤقت أو دائم ، وذلك فى الأوضاع ، وبالشروط والإجراءات المنصوص عليها فى هذا القانون .
۲۳۷,237,مادة (۲۳۷) :,237.0,فى تطبيق أحكام المادة (236) من هذا القانون ، يجب على صاحب العمل أن يتقدم بطلب إغلاق المنشأة ، أو تقليص حجمها ، أو نشاطها إلى لجنة تشكل لهذا الغرض ، ويجب أن يتضمن الطلب الأسباب ، والأوضاع ، والشروط والإجراءات ، التى يستند إليها فى ذلك ، وأعداد ، وفئات العمال الذين سيتم الاستغناء عنهم .
۲۳۸,238,مادة (۲۳۸) :,238.0,يخطر صاحب العمل العمال ، والمنظمة النقابية العمالية المعنية بالطلب المقدم منه ، وبالقرار الصادر بالإغلاق الكلى ، أو الجزئى للمنشأة ، أو بتقليص حجمها ،أو نشاطها . ويكون تنفيذ ذلك القرار اعتبارًا من التاريخ الذى تحدده اللجنة التى نظرت الطلب ، أو التظلم على حسب الأحوال .
۲۳۹,239,مادة (۲۳۹) :,239.0,فى حالة الإغلاق الجزئى أو تقليص حجم المنشأة أو نشاطها ، إذا لم تتضمن الاتفاقية الجماعية السارية فى المنشأة المعايير الموضوعية لاختيار من سيتم الاستغناء عنهم من العمال ، يتعين على صاحب العمل أن يتشاور فى هذا الشأن مع المنظمة النقابية العمالية المعنية ، وذلك بعد صدور القرار وقبل التنفيذ .
٢٤٠,240,مادة (٢٤٠) :,240.0,يُحظر على صاحب العمل التقدم بطلب الإغلاق الكلى أو الجزئى للمنشأة ،أو تقليص حجمها أو نشاطها أثناء مراحل تسوية منازعات العمل الجماعية ، كما يحظر عليه أن يتقدم بهذا الطلب بسبب أو أثناء إضراب العمال عن العمل .
٢٤١,241,مادة (٢٤١) :,241.0,مع عدم الإخلال بحكم المادة (238) من هذا القانون ، فى الحالات التى يحق فيها لصاحب العمل إنهاء عقد العمل لأسباب اقتصادية يجوز له بدلاً من استخدام هذا الحق أن يُعدل من شروط العقد بصفة مؤقتة ، وله على الأخص أن يكلف العامل بعمل غير متفق عليه ، ولو كان يختلف عن عمله الأصلى كما له أن يُخفض أجر العامل بما لا يقل عن الحد الأدنى للأجور .
٢٤٢,242,مادة (٢٤٢) :,242.0,ينظم هذا الكتاب أحكام وضوابط الوقاية من الحوادث والأضرار الصحية الناتجة عن العمل أو المتصلة به ، أو التى تقع أثناءه ، أو بسببه ، وذلك للحد من المخاطر وأسبابها التى تنطوى عليها بيئة العمل .
٢٤٣,243,مادة (٢٤٣) :,243.0,يُقصد فى تطبيق أحكام هذا الكتاب بالمنشأة كل مشروع أو مرفق يملكه أو يديره شخص من أشخاص القانون العام أو الخاص .
٢٤٤,244,مادة (٢٤٤) :,244.0,تسرى أحكام هذا الكتاب على جميع مواقع العمل ، والمنشآت وفروعها أيًا كان نوعها ، أو تبعيتها ، سواء كانت برية أو بحرية أو جوية .
٢٤٥,245,مادة (٢٤٥) :,245.0,مع عدم الإخلال بأحكام التفتيش والضبطية القضائية فى هذا القانون ، يجوز للوزير المختص بقرار منه الترخيص بإنشاء مكاتب امتثال تهدف إلى التحقق من استيفاء اشتراطات السلامة والصحة المهنية وتأمين بيئة العمل فى المنشآت المخاطبة بأحكام هذا الكتاب ، وتقديم الدعم الفنى والمشورة اللازمة .
٢٤٦,246,مادة (٢٤٦) :,246.0,تلتزم المنشأة ، وفروعها ، بتوفير وسائل السلامة والصحة المهنية ، وتأمين بيئة العمل فى أماكن العمل ، وفقًا لمعايير التعرض والحدود العتبية ، وبما يكفل الوقايةمن المخاطر الفيزيائية الناجمة عما يلى :
٢٤٧,247,مادة (٢٤٧) :,247.0,تلتزم المنشأة ، وفروعها باتخاذ الاحتياطات والتدابير اللازمة لتوفير وسائل السلامة والصحة المهنية وتأمين بيئة العمل ، بما يكفل الوقاية من المخاطر الهندسية (ميكانيكية - كهربائية - تشييد وبناء - المواءمة) ، وعلى الأخص ما يأتي :
٢٤٨,248,مادة (٢٤٨) :,248.0,تلتزم المنشأة وفروعها باتخاذ وسائل وطرق وقاية العمال من خطر الإصابة بالبكتيريا والفيروسات والفطريات ، والطفيليات ، وسائر المخاطر البيولوجية متى كانت طبيعة العمل تُعرض العمال لظروف الإصابة بها ، وعلى الأخص ما يأتي :
٢٤٩,249,مادة (٢٤٩) :,249.0,تلتزم المنشأة ، وفروعها بتوفير وسائل السلامة والصحة المهنية وتأمين بيئة العمل فى أماكن العمل بما يكفل الوقاية من المخاطر الكيميائية الناتجة عن التعامل مع المواد الكيميائية الصلبة والسائلة والغازية ، مع مراعاة ما يأتي :
٢٥٠,250,مادة (٢٥٠) :,250.0,تلتزم المنشأة ، وفروعها بتوفير وسائل السلامة والصحة المهنية وتأمين بيئة العمل فى أماكن العمل بما يكفل وسائل الوقاية من المخاطر غير المباشرة ، والتى تنشأ ، أو يتفاقم الضرر أو الخطر من عدم توافرها ، كوسائل الإنقاذ والإسعاف ، والنظافة والترتيب ، والتنظيم بأماكن العمل ، والتأكد من حصول العاملين بأماكن الطهى وتداول وتناول الأطعمة والمشروبات على الشهادات الصحية الدالة على خلوهم من الأمراض الوبائية والمعدية .
٢٥١,251,مادة (٢٥١) :,251.0,تلتزم المنشأة ، وفروعها باتخاذ الاحتياطات والاشتراطات اللازمة للوقايةمن مخاطر الحريق ، طبقًا لما تحدده الجهة المختصة بوزارة الداخلية .
٢٥٢,252,مادة (٢٥٢) :,252.0,تلتزم المنشأة ، وفروعها بتوفير وسائل السلامة والصحة المهنية وتأمين بيئة العمل بما يكفل الوقاية من كل خطر ينشأ عن العمل داخل الأماكن الضيقة والمغلقة .
٢٥٣,253,مادة (٢٥٣) :,253.0,تلتزم المنشأة وفروعها بإجراء تقييم وتحليل للمخاطر ، والكوارث الصناعية والطبيعية المتوقعة والكوارث الناتجة عن التشغيل وإعداد خطط طوارئ لحماية المنشأة والعمال والمترددين عليها عند وقوع الحوادث والكوارث ، على أن يتم اختبار فاعلية هذه الخطط ، وإجراء تجارب عملية عليها للتأكد من كفاءتها ، وتدريب العمال لمواجهة متطلباتها ، وتصحيحها إذا لزم الأمر .
٢٥٤,254,مادة (٢٥٤) :,254.0,تلتزم المنشآت وفروعها بتوفير بيئة عمل آمنة ، وغيـر عـدائيـة ، خاليـة مـن التحرش والتنمر والعنف ، وتوفير الوسائل الكفيلة بالوقاية منهم .
٢٥٥,255,مادة (٢٥٥) :,255.0,يُصدر الوزير المختص قرارًا بقواعد ومعايير وبيان حدود الأمان فى أماكن العمل ، والاشتراطات ، والاحتياطات اللازمة لدرء المخاطر المبينة بهذا الباب ،وذلك بالتنسيق مع الجهات المختصة .
٢٥٦,256,مادة (٢٥٦) :,256.0,مع مراعاة الأحكام الواردة فى الكتاب الخامس من هذا القانون ، تلتزم الجهة الإدارية المختصة بما يأتي :
٢٥٧,257,مادة (٢٥٧) :,257.0,على أعضاء جهاز تفتيش السلامة والصحة المهنية وتأمين بيئة العمل فى سبيل أداء عملهم :
٢٥٨,258,مادة (٢٥٨) :,258.0,مع مراعاة حكم المادة (242) من هذا القانون ، يكون لمفتشى السلامة والصحة المهنية وتأمين بيئة العمل حق التفتيش على المنشآت للتحقق من توافر اشتراطات السلامة والصحة المهنية وتأمين بيئة العمل تطبيقًا لأحكام هذا القانون ، والقرارات المنفذة له .
٢٥٩,259,مادة (٢٥٩) :,259.0,يُصدر الوزير المختص القرارات اللازمة بتحديد المنشآت ، وفروعها ،التى تلتزم بإنشاء أجهزة وظيفية للسلامة والصحة المهنية وتأمين بيئة العمل ،واللجان المختصة بذلك .
٢٦٠,260,مادة (٢٦٠) :,260.0,تلتزم كل منشأة يعمل بها ثلاثون عاملاً فأكثر ، بموافاة الجهة الإداريةالمختصة بإحصائية نصف سنوية ببيانات حقيقية عن الأمراض العادية ، والمزمنة ، والحوادث الجسيمة ، والإصابات ، وذلك خلال النصف الأول من شهرى يوليو ، ويناير على الأكثر .
٢٦١,261,مادة (٢٦١) :,261.0,تتولى الوزارة المختصة ، والمركز القومى لدراسات السلامة والصحة المهنية وتأمين بيئة العمل المشار إليه فى المادة (263) من هذا القانون ، والجهات التى يُرخص لها ، التدريب الأساسى ، والمتقدم ، والنوعى ، والتخصصى للأخصائيين والفنيين ، وأعضاء اللجان فى مجال السلامة والصحة المهنية .
٢٦٢,262,مادة (٢٦٢) :,262.0,يُشترط لمزاولة أعمال الخبرة والاستشارات فى مجال السلامة والصحة المهنية وتأمين بيئة العمل الحصول على الترخيص اللازم من الوزارة المختصة .
٢٦٣,263,مادة (٢٦٣) :,263.0,يختص المركز القومى لدراسات السلامة والصحة المهنية وتأمين بيئة العمل المعاد تنظيمه بقرار رئيس الجمهورية رقم ۳۳۳ لسنة ۲۰۰۳ بالاشتراك مع الوزارة المختصة ، بإعداد الخطط المركزية للبحوث والدراسات فى مجالات السلامة والصحة المهنية وتأمين بيئة العمل طبقًا لنتائج التحليل الإحصائى لإصابات العمل بالمنشآت ، ويتابع تنفيذها بالتنسيق مع الأجهزة المعنية فى الوزارة المختصة ، وذلك وفقًا للقواعد والإجراءات التى يصدر بها قرار من الوزير المختص .
٢٦٤,264,مادة (٢٦٤) :,264.0,"ينشأ مجلس يسمى ""المجلس الأعلى للسلامة والصحة المهنية وتأمين بيئة العمل"" ، برئاسة الوزير المختص ، وعضوية ممثلين عن الوزارات والجهات المختصة ، وعدد متساو من ممثلى كل من منظمات أصحاب الأعمال المعنية الأكثر تمثيلاً ترشحهم منظماتهم ، وممثلى المنظمات النقابية العمالية المعنية الأكثر تمثيلاً ترشحهم منظماتهم ، على أن يراعى عند الترشيح تمثيل كافة مستويات المنظمات النقابية المعنية ما لم يتعذر ذلك ، وعدد من ذوى الخبرة ."
٢٦٥,265,مادة (٢٦٥) :,265.0,يُشكل فى نطاق كل محافظة لجنة فرعية للمجلس الأعلى للسلامة والصحةالمهنية وتأمين بيئة العمل ، برئاسة المحافظ المختص ، وتضم فى عضويتها ممثلين عن الوزارات والجهات المختصة ، وممثلى المنظمات النقابية العمالية المعنية ترشحهم منظماتهم ما لم يتعذر ذلك ، ومنظمات أصحاب الأعمال بالتساوى فيما بينهما ، وعدد من ذوى الخبرة .
٢٦٦,266,مادة (٢٦٦) :,266.0,مع عدم الإخلال بأحكام قانون التأمينات الاجتماعية والمعاشات المشار إليه ، تلتزم المنشأة وفروعها بإجراء ما يأتي :
٢٦٧,267,مادة (٢٦٧) :,267.0,تلتزم المنشأة وفروعها بما يأتي :
٢٦٨,268,مادة (٢٦٨) :,268.0,يلتزم العامل بأن يستعمل وسائل الوقاية ، ويتعهد بالعناية بما فى حوزته منها ، وبتنفيذ التعليمات الصادرة للمحافظة على صحته ووقايته من حوادث العمل ، وعليه ألا يرتكب أى فعل يقصد به منع تنفيذ التعليمات أو إساءة استعمال الوسائل الموضوعة لحمايته وسلامة العمال المشتغلين معه أو تغييرها أو إلحاق ضرر أو تلف بها ، وذلك دون الإخلال بما يفرضه أى قانون آخر فى هذا الشأن .
٢٦٩,269,مادة (٢٦٩) :,269.0,تلتزم المنشأة وفروعها بإجراء ما يأتي :
۲۷۰,270,مادة (۲۷۰) :,270.0,تلتزم المنشأة بأن توفر لعمالها وسائل الإسعاف الأولية .
۲۷۱,271,مادة (۲۷۱) :,271.0,يلتزم من يستخدم عمالاً فى أماكن لا تصل إليها وسائل المواصلات العاديةأن  يوفر لهم وسائل الانتقال المناسبة على نفقته الخاصة .
۲۷۲,272,مادة (۲۷۲) :,272.0,تلتزم المنشأة التى يبلغ عدد عمالها خمسين عاملاً فأكثر بتقديم الخدمات الاجتماعية والثقافية اللازمة لعمالها ، وذلك بالاشتراك مع المنظمة النقابية العمالية ، دون تحميل العامل أى التزامات ، ويُصدر الوزير المختص بالتشاور مع منظمات أصحاب الأعمال والعمال القرارات المشار إليها بتحديد الحد الأدنى لهذه الخدمات .
۲۷۳,273,مادة (۲۷۳) :,273.0,يتمتع صندوق الخدمات الاجتماعية والصحية والثقافية بالشخصية الاعتبارية ، ويهدف إلى تقديم الخدمات اللازمة للنهوض بالمستوى الاجتماعى والصحى والثقافى للعاملين بمنشآت القطاع العام ، وقطاع الأعمال العام ، والقطاع الخاص .
٢٧٤,274,مادة (٢٧٤) :,274.0,يلتزم الصندوق المشار إليه فى المادة (273) مـن هـذا القانون بتقديم الخدمات الآتية :
٢٧٥,275,مادة (٢٧٥) :,275.0,يكون للعاملين القائمين على تنفيذ أحكام هذا القانون ، والقرارات الصادرةتنفيذًا له ، الذين يصدر بتحديدهم قرار من وزير العدل بالاتفاق مع الوزير المختص ، صفة مأمورى الضبط القضائى بالنسبة للجرائم التى تقع فى دوائر اختصاصهم ، وتكون متعلقة بأعمال وظائفهم .
٢٧٦,276,مادة (٢٧٦) :,276.0,يحمل كل من له صفة الضبطية القضائية ، بطاقة تثبت هذه الصفة ، وله حق دخول جميع أماكن العمل وتفتيشها للتحقق من تطبيق أحكام هذا القانون ، والقرارات المنفذة له ، وفحص الدفاتر والأوراق المتعلقة بذلك ، وطلب المستندات والبيانات اللازمة من أصحاب الأعمال أو من ينوب عنهم .
۲۷۷,277,مادة (۲۷۷) :,277.0,على أصحاب الأعمال أو من ينوب عنهم أن يسهلوا مهمة المكلفين بمراقبة تنفيذ أحكام هذا القانون ، والقرارات المنفذة له ، وأن يقدموا لهم المستندات والبيانات اللازمة لأداء مهمتهم .
۲۷8,278,مادة (۲۷8) :,278.0,على أصحاب الأعمال أو من ينوب عنهم الاستجابة لطلبات الحضور التى توجه إليهم من العاملين المشار إليهم فى المادة (275) من هذا القانون ، وذلك فى المواعيد التي يحددونها .
۲۷۹,279,مادة (۲۷۹) :,279.0,على السلطات والوزارات والجهات والهيئات المعنية مساعدة العاملين المكلفين بمراقبة تنفيذ أحكام هذا القانون والقرارات المنفذة له عند قيامهم بوظائفهم متى طلب ذلك منها .
۲۸۰,280,مادة (۲۸۰) :,280.0,مع عدم الإخلال بأية عقوبة أشد ينص عليها قانون العقوبات أو أى قانون آخر ، يعاقب بالعقوبات المنصوص عليها فى المواد التالية عن الجرائم المشار إليها فيها .
۲۸۱,281,مادة (۲۸۱) :,281.0,يعاقب كل من يخالف أحكام المادتين (4 ، 5) من هذا القانون بغرامة لا تقلعن خمسة آلاف جنيه ولا تزيد على خمسين ألف جنيه ، وتتعدد الغرامة بتعددالعمال الذين وقعت فى شأنهم الجريمة ، وتضاعف الغرامة فى حالة العود .
۲۸۲,282,مادة (۲۸۲) :,282.0,يُعاقب كل من يخالف أحكام المادتين (۸۲/البندين ۱ و۲) ، (۲۷۳/فقرة رابعة) من هذا القانون ، والقرارات الوزارية المنفذة لها ، بغرامة لا تقل عن ألف جنيه ولا تزيد على عشرة آلاف جنيه ، وتتعدد الغرامة بتعدد العمال الذين وقعت فى شأنهم الجريمة ، وتضاعف الغرامة فى حالة العود .
۲۸۳,283,مادة (۲۸۳) :,283.0,يُعاقب كل من يخالف أحكام المواد (۳۷ فقرة أولى ، ٤٨/فقرة أولى ، ١٥٣)من هذا القانون والقرارات الوزارية المنفذة لها ، بغرامة لا تقل عن ألفى جنيهولا تزيد على عشرة آلاف جنيه ، وتضاعف الغرامة فى حالة العود .
٢٨٤,284,مادة (٢٨٤) :,284.0,يُعاقب كل من يخالف أحكام المادة (26) من هذا القانون والقرارات الوزارية المنفذة لها بغرامة لا تقل عن ألف جنيه ولا تزيد على عشرة آلاف جنيه ،وتتعدد الغرامة بتعدد العمال الذين وقعت فى شأنهم الجريمة ، وتضاعف الغرامةفى حالة العود .
٢٨٥,285,مادة (٢٨٥) :,285.0,يُعاقب كل من يخالف أحكام المادة (23) من هذا القانون والقرارات الوزارية المنفذة لها ، بغرامة لا تقل عن عشرين ألف جنيه ولا تزيد على مائة ألف جنيه ، وللمحكمة عند الحكم بالإدانة أن تقضى بإغلاق المنشأة ، وتضاعف الغرامة فى حالة العود .
٢٨٦,286,مادة (٢٨٦) :,286.0,يُعاقب كل من يخالف أحكام المادة السابعة من مواد إصدار هذا القانون والمواد (٢٤ ، ٢٥ ، ٣٦ ، ٤٦ ، ٥١ ، ٥٢ ، ٦٨) من هذا القانون ، والقرارات الوزارية المنفذة لها ، بغرامة لا تقل عن ألف جنيه ولا تزيد على عشرين ألف جنيه ،وتتعدد الغرامة بتعدد العمال الذين وقعت فى شأنهم الجريمة ، وتضاعف الغرامةفى حالة العود .
۲۸۷,287,مادة (۲۸۷) :,287.0,يُعاقب كل من يخالف أحكام المواد (٤٥ ، ۱۰٤ ، ۱۰۸) من هذا القانون ،بغرامة لا تقل عن ألفى جنيه ولا تزيد على عشرين ألف جنيه ، وتتعدد الغرامة بتعدد العمال الذين وقعت فى شأنهم الجريمة ، وتضاعف الغرامة فى حالة العود .
۲۸۸,288,مادة (۲۸۸) :,288.0,يُعاقب كل من يخالف أحكام المواد (۲۷ ، 5۳ ، 60 ، ۱۱۷ ، ۱۱۸ ، ۱۱۹ ، ۱۲۳ ، ۱٢٤ ، ۱۳۲ ، ١٣٥/ فقرة ثانية ، ٢٥٤/ فقرة أولى) من هذا القانون والقرارات الوزارية المنفذة لها ، بغرامة لا تقل عن خمسمائة جنيه ولا تزيد على خمسة آلاف جنيه ، وتتعدد الغرامة بتعدد العمال الذين وقعت فى شأنهم الجريمة ، وتضاعف الغرامة فى حالة العود .
۲۸۹,289,مادة (۲۸۹) :,289.0,يُعاقب صاحب العمل أو من يمثله عن المنشأة إذا خالف أى من أحكام المواد (٦٣ ، ٦٤ ، ٦٦) من هذا القانون والقرارات الوزارية المنفذة لها ، بغرامة لا تقل عن ألفى جنيه ولا تزيد على عشرة آلاف جنيه ، وفى كل الأحوال تتعدد الغرامة بتعدد العمال الذين وقعت فى شأنهم الجريمة ، وفى حالة العود تضاعف الغرامة ويحكم بغلق المنشأة لمدة لا تجاوز الستة أشهر .
۲۹۰,290,مادة (۲۹۰) :,290.0,يُعاقب كل من يخالف أحكام المادتين (۳۳ ، ۳۷) من هذا القانون والقرارات الوزارية المنفذة لها ، بغرامة لا تقل عن خمسمائة جنيه ولا تزيد على ألف جنيه ، وتتعدد الغرامة بتعدد العمال الذين وقعت فى شأنهم الجريمة ، وتضاعف الغرامةفى حالة العود .
۲۹۱,291,مادة (۲۹۱) :,291.0,يُعاقب بالحبس وبغرامة لا تقل عن عشرين ألف جنيه ولا تزيد على مائة ألف جنيه ، أو بإحدى هاتين العقوبتين ، كل من ارتكب إحدى الجرائم الآتية :
۲۹۲,292,مادة (۲۹۲) :,292.0,يُعاقب كل من يخالف أحكام المادة (٤٢) من هذا القانون ، والقرارات الوزارية المنفذة لها ، بغرامة لا تقل عن خمسة آلاف جنيه ولا تزيد على مائة ألف جنيه ، وتتعدد الغرامة بتعدد العمال الذين وقعت فى شأنهم الجريمة ، وتضاعف الغرامةفى حالة العود .
۲۹۳,293,مادة (۲۹۳) :,293.0,يُعاقب كل من يخالف أحكام المواد (۷۰ ، ۷۱ ، ۷۲ ، ٧٤) من هذا القانون ، والقرارات الوزارية المنفذة لها ، بغرامة لا تقل عن عشرين ألف جنيه ولا تزيدعلى مائة ألف جنيه ، وتتعدد الغرامة بتعدد العمال الذين وقعت فى شأنهم الجريمة ، وتضاعف الغرامة فى حالة العود .
٢٩٤,294,مادة (٢٩٤) :,294.0,يُعاقب كل من يخالف أحكام المواد (١٤٠ ، ١٤١ ، 14٢ ، 143 ، 144 ، 145 ، ١٥١ / فقرة ثانية ، ۱5۲ ، ۱۹۸) من هذا القانون ، بغرامة لا تقل عن ألف جنيهولا تزيد على عشرين ألف جنيه ، وتضاعف الغرامة فى حالة العود .
٢٩٥,295,مادة (٢٩٥) :,295.0,يُعاقب كل من يخالف أحكام المواد (۲۳٦ ، ۲۳۷ ، ۲۳۹) من هذا القانون والقرارات الوزارية المنفذة لها ، بغرامة لا تقل عن ثلاثة آلاف جنيه ولا تزيدعلى عشرة آلاف جنيه ، وتتعدد الغرامة بتعدد العمال الذين وقعت فى شأنهم الجريمة ، وتضاعف الغرامة فى حالة العود .
٢٩٦,296,مادة (٢٩٦) :,296.0,يُعاقب كل من يخالف أحكام المواد (٢٤٥ ، ٢٥٤ ، ٢٥٥ ، ٢٥٩ ، ٢٦٠ ، ٢٦١ ، ٢٦٢ ، ٢٦٦ ، ۲۷۰ ، ۲۷۱ ، ۲۷۲) من هذا القانون ، والقرارات الوزارية المنفذة لها بغرامة لا تقل عن خمسة آلاف جنيه ولا تجاوز مائة ألف جنيه ، وتضاعف الغرامة فى حالة العود .
۲۹۷,297,مادة (۲۹۷) :,297.0,يُعاقب صاحب العمل أو من يمثله عن المنشأة إذا خالف أحكام المادتين (۲۷۷ ، ۲۷۸) من هذا القانون ، بغرامة لا تقل عن خمسة آلاف جنيه ولا تجاوز عشرين ألف جنيه ، وتضاعف الغرامة فى حالة العود .
۲۹۸,298,مادة (۲۹۸) :,298.0,يُعاقب المسئول عن الإدارة الفعلية للشخص الاعتبارى بالعقوبة ذاتها المقررةعن الأفعال التى ترتكب بالمخالفة لأحكام هذا القانون إذا ثبت علمه بها وكان إخلاله بالواجبات التى تفرضها عليه تلك الإدارة قد أسهم فى وقوع الجريمة .ويكون الشخص الاعتبارى مسئولاً بالتضامن عن الوفاء بما يحكم به من عقوبات مالية وتعويضات .
